gadm_name,year,dengue_total,n_months,source
An Giang,1994,2376,11,OpenDengue
An Giang,1995,2290,12,OpenDengue
An Giang,1996,2315,12,OpenDengue
An Giang,1997,5876,12,OpenDengue
An Giang,1998,9648,12,OpenDengue
An Giang,1999,2716,12,OpenDengue
An Giang,2000,3240,12,OpenDengue
An Giang,2001,4027,12,OpenDengue
An Giang,2002,1752,12,OpenDengue
An Giang,2003,1818,12,OpenDengue
An Giang,2004,5283,12,OpenDengue
An Giang,2005,2847,12,OpenDengue
An Giang,2006,2775,12,OpenDengue
An Giang,2007,8833,12,OpenDengue
An Giang,2008,2116,12,OpenDengue
An Giang,2009,4150,12,OpenDengue
An Giang,2010,5518,12,OpenDengue
An Giang,2011,4174,12,GDPM
An Giang,2012,5547,12,GDPM
An Giang,2013,1515,12,GDPM
An Giang,2014,1272,12,GDPM
An Giang,2015,3663,12,GDPM
An Giang,2016,2978,12,GDPM
An Giang,2017,4627,12,GDPM
Bà Rịa - Vũng Tàu,1995,4102,11,OpenDengue
Bà Rịa - Vũng Tàu,1996,1370,12,OpenDengue
Bà Rịa - Vũng Tàu,1997,584,12,OpenDengue
Bà Rịa - Vũng Tàu,1998,2270,12,OpenDengue
Bà Rịa - Vũng Tàu,1999,163,12,OpenDengue
Bà Rịa - Vũng Tàu,2000,509,12,OpenDengue
Bà Rịa - Vũng Tàu,2001,1678,12,OpenDengue
Bà Rịa - Vũng Tàu,2002,680,12,OpenDengue
Bà Rịa - Vũng Tàu,2003,751,12,OpenDengue
Bà Rịa - Vũng Tàu,2004,911,12,OpenDengue
Bà Rịa - Vũng Tàu,2005,341,12,OpenDengue
Bà Rịa - Vũng Tàu,2006,1736,12,OpenDengue
Bà Rịa - Vũng Tàu,2007,1318,12,OpenDengue
Bà Rịa - Vũng Tàu,2008,2694,12,OpenDengue
Bà Rịa - Vũng Tàu,2009,3158,12,OpenDengue
Bà Rịa - Vũng Tàu,2010,758,12,OpenDengue
Bà Rịa - Vũng Tàu,2011,1496,12,GDPM
Bà Rịa - Vũng Tàu,2012,3344,12,GDPM
Bà Rịa - Vũng Tàu,2013,4494,12,GDPM
Bà Rịa - Vũng Tàu,2014,2193,12,GDPM
Bà Rịa - Vũng Tàu,2015,2856,12,GDPM
Bà Rịa - Vũng Tàu,2016,3808,12,GDPM
Bà Rịa - Vũng Tàu,2017,2816,12,GDPM
Bình Dương,1994,2201,11,OpenDengue
Bình Dương,1995,4463,12,OpenDengue
Bình Dương,1996,2538,12,OpenDengue
Bình Dương,1997,1652,12,OpenDengue
Bình Dương,1998,3551,12,OpenDengue
Bình Dương,1999,942,12,OpenDengue
Bình Dương,2000,632,12,OpenDengue
Bình Dương,2001,338,12,OpenDengue
Bình Dương,2002,1284,12,OpenDengue
Bình Dương,2003,1251,12,OpenDengue
Bình Dương,2004,659,12,OpenDengue
Bình Dương,2005,727,12,OpenDengue
Bình Dương,2006,1535,12,OpenDengue
Bình Dương,2007,1715,12,OpenDengue
Bình Dương,2008,5242,12,OpenDengue
Bình Dương,2009,2099,12,OpenDengue
Bình Dương,2010,3083,12,OpenDengue
Bình Dương,2011,4215,12,GDPM
Bình Dương,2012,5367,12,GDPM
Bình Dương,2013,2465,12,GDPM
Bình Dương,2014,2751,12,GDPM
Bình Dương,2015,5991,12,GDPM
Bình Dương,2016,3964,12,GDPM
Bình Dương,2017,8487,12,GDPM
Bình Phước,1997,2858,12,OpenDengue
Bình Phước,1998,5230,12,OpenDengue
Bình Phước,1999,682,12,OpenDengue
Bình Phước,2000,834,12,OpenDengue
Bình Phước,2001,561,12,OpenDengue
Bình Phước,2002,1647,12,OpenDengue
Bình Phước,2003,1482,12,OpenDengue
Bình Phước,2004,1268,12,OpenDengue
Bình Phước,2005,550,12,OpenDengue
Bình Phước,2006,1806,12,OpenDengue
Bình Phước,2007,1049,12,OpenDengue
Bình Phước,2008,3976,12,OpenDengue
Bình Phước,2009,2097,12,OpenDengue
Bình Phước,2010,1019,12,OpenDengue
Bình Phước,2011,2344,12,GDPM
Bình Phước,2012,5240,12,GDPM
Bình Phước,2013,1880,12,GDPM
Bình Phước,2014,630,12,GDPM
Bình Phước,2015,1407,12,GDPM
Bình Phước,2016,3469,12,GDPM
Bình Phước,2017,2141,12,GDPM
Bình Thuận,1994,7103,9,OpenDengue
Bình Thuận,1995,7393,12,OpenDengue
Bình Thuận,1996,13560,11,OpenDengue
Bình Thuận,1997,6826,12,OpenDengue
Bình Thuận,1998,9877,12,OpenDengue
Bình Thuận,1999,3419,12,OpenDengue
Bình Thuận,2000,2166,12,OpenDengue
Bình Thuận,2001,3590,12,OpenDengue
Bình Thuận,2002,926,12,OpenDengue
Bình Thuận,2003,523,12,OpenDengue
Bình Thuận,2004,1655,12,OpenDengue
Bình Thuận,2005,2602,12,OpenDengue
Bình Thuận,2006,434,12,OpenDengue
Bình Thuận,2007,3349,12,OpenDengue
Bình Thuận,2008,1456,12,OpenDengue
Bình Thuận,2009,1110,12,OpenDengue
Bình Thuận,2010,2217,12,OpenDengue
Bình Thuận,2011,889,12,GDPM
Bình Thuận,2012,1710,12,GDPM
Bình Thuận,2013,1526,12,GDPM
Bình Thuận,2014,608,12,GDPM
Bình Thuận,2015,2288,12,GDPM
Bình Thuận,2016,2574,12,GDPM
Bình Thuận,2017,1970,12,GDPM
Bình Định,1994,528,10,OpenDengue
Bình Định,1995,1935,12,OpenDengue
Bình Định,1996,2038,12,OpenDengue
Bình Định,1997,1572,12,OpenDengue
Bình Định,1998,5256,12,OpenDengue
Bình Định,1999,733,12,OpenDengue
Bình Định,2000,197,12,OpenDengue
Bình Định,2001,167,12,OpenDengue
Bình Định,2002,352,12,OpenDengue
Bình Định,2003,327,12,OpenDengue
Bình Định,2004,583,12,OpenDengue
Bình Định,2005,271,12,OpenDengue
Bình Định,2006,263,12,OpenDengue
Bình Định,2007,1155,12,OpenDengue
Bình Định,2008,618,12,OpenDengue
Bình Định,2009,1130,12,OpenDengue
Bình Định,2010,3934,12,OpenDengue
Bình Định,2011,317,12,GDPM
Bình Định,2012,1577,12,GDPM
Bình Định,2013,2576,12,GDPM
Bình Định,2014,424,12,GDPM
Bình Định,2015,2849,12,GDPM
Bình Định,2016,4685,12,GDPM
Bình Định,2017,3295,12,GDPM
Bạc Liêu,1997,2348,12,OpenDengue
Bạc Liêu,1998,2034,12,OpenDengue
Bạc Liêu,1999,349,12,OpenDengue
Bạc Liêu,2000,92,12,OpenDengue
Bạc Liêu,2001,353,12,OpenDengue
Bạc Liêu,2002,365,12,OpenDengue
Bạc Liêu,2003,1515,12,OpenDengue
Bạc Liêu,2004,2762,12,OpenDengue
Bạc Liêu,2005,1653,12,OpenDengue
Bạc Liêu,2006,3228,12,OpenDengue
Bạc Liêu,2007,1398,12,OpenDengue
Bạc Liêu,2008,4050,12,OpenDengue
Bạc Liêu,2009,1033,12,OpenDengue
Bạc Liêu,2010,1716,12,OpenDengue
Bạc Liêu,2011,1947,12,GDPM
Bạc Liêu,2012,908,12,GDPM
Bạc Liêu,2013,385,12,GDPM
Bạc Liêu,2014,180,12,GDPM
Bạc Liêu,2015,521,12,GDPM
Bạc Liêu,2016,760,12,GDPM
Bạc Liêu,2017,892,12,GDPM
Bắc Giang,1994,31,11,OpenDengue
Bắc Giang,1995,145,12,OpenDengue
Bắc Giang,1996,6,12,OpenDengue
Bắc Giang,1997,5,12,OpenDengue
Bắc Giang,1998,112,12,OpenDengue
Bắc Giang,1999,19,12,OpenDengue
Bắc Giang,2000,7,12,OpenDengue
Bắc Giang,2001,21,12,OpenDengue
Bắc Giang,2002,21,12,OpenDengue
Bắc Giang,2003,1,12,OpenDengue
Bắc Giang,2004,1,12,OpenDengue
Bắc Giang,2005,0,12,OpenDengue
Bắc Giang,2006,0,12,OpenDengue
Bắc Giang,2007,0,12,OpenDengue
Bắc Giang,2008,0,12,OpenDengue
Bắc Giang,2009,425,12,OpenDengue
Bắc Giang,2010,725,12,OpenDengue
Bắc Giang,2011,32,12,GDPM
Bắc Giang,2012,56,12,GDPM
Bắc Giang,2013,49,12,GDPM
Bắc Giang,2014,45,12,GDPM
Bắc Giang,2015,53,12,GDPM
Bắc Giang,2016,2,12,GDPM
Bắc Giang,2017,960,12,GDPM
Bắc Kạn,1997,2,12,OpenDengue
Bắc Kạn,1998,2,12,OpenDengue
Bắc Kạn,1999,0,12,OpenDengue
Bắc Kạn,2000,0,12,OpenDengue
Bắc Kạn,2001,0,12,OpenDengue
Bắc Kạn,2002,0,12,OpenDengue
Bắc Kạn,2003,0,12,OpenDengue
Bắc Kạn,2004,1,12,OpenDengue
Bắc Kạn,2005,0,12,OpenDengue
Bắc Kạn,2006,0,12,OpenDengue
Bắc Kạn,2007,0,12,OpenDengue
Bắc Kạn,2008,0,12,OpenDengue
Bắc Kạn,2009,2,12,OpenDengue
Bắc Kạn,2010,0,12,OpenDengue
Bắc Kạn,2011,0,12,GDPM
Bắc Kạn,2012,0,12,GDPM
Bắc Kạn,2013,0,12,GDPM
Bắc Kạn,2014,0,12,GDPM
Bắc Kạn,2015,0,12,GDPM
Bắc Kạn,2016,0,12,GDPM
Bắc Kạn,2017,61,12,GDPM
Bắc Ninh,1997,1,12,OpenDengue
Bắc Ninh,1998,169,12,OpenDengue
Bắc Ninh,1999,9,12,OpenDengue
Bắc Ninh,2000,1,12,OpenDengue
Bắc Ninh,2001,5,12,OpenDengue
Bắc Ninh,2002,6,12,OpenDengue
Bắc Ninh,2003,8,12,OpenDengue
Bắc Ninh,2004,2,12,OpenDengue
Bắc Ninh,2005,3,12,OpenDengue
Bắc Ninh,2006,6,12,OpenDengue
Bắc Ninh,2007,95,12,OpenDengue
Bắc Ninh,2008,0,12,OpenDengue
Bắc Ninh,2009,181,12,OpenDengue
Bắc Ninh,2010,933,12,OpenDengue
Bắc Ninh,2011,41,12,GDPM
Bắc Ninh,2012,35,12,GDPM
Bắc Ninh,2013,18,12,GDPM
Bắc Ninh,2014,6,12,GDPM
Bắc Ninh,2015,151,12,GDPM
Bắc Ninh,2016,1,12,GDPM
Bắc Ninh,2017,1413,12,GDPM
Bến Tre,1994,2010,9,OpenDengue
Bến Tre,1995,7738,12,OpenDengue
Bến Tre,1996,3448,12,OpenDengue
Bến Tre,1997,5080,12,OpenDengue
Bến Tre,1998,24562,12,OpenDengue
Bến Tre,1999,1375,12,OpenDengue
Bến Tre,2000,1285,12,OpenDengue
Bến Tre,2001,3663,12,OpenDengue
Bến Tre,2002,2959,12,OpenDengue
Bến Tre,2003,2259,12,OpenDengue
Bến Tre,2004,5768,12,OpenDengue
Bến Tre,2005,3347,12,OpenDengue
Bến Tre,2006,2644,12,OpenDengue
Bến Tre,2007,6450,12,OpenDengue
Bến Tre,2008,4680,12,OpenDengue
Bến Tre,2009,4760,12,OpenDengue
Bến Tre,2010,504,12,OpenDengue
Bến Tre,2011,1932,12,GDPM
Bến Tre,2012,2191,12,GDPM
Bến Tre,2013,1169,12,GDPM
Bến Tre,2014,694,12,GDPM
Bến Tre,2015,1060,12,GDPM
Bến Tre,2016,3233,12,GDPM
Bến Tre,2017,1329,12,GDPM
Cao Bằng,1994,0,8,OpenDengue
Cao Bằng,1995,3,12,OpenDengue
Cao Bằng,1996,0,12,OpenDengue
Cao Bằng,1997,0,12,OpenDengue
Cao Bằng,1998,6,12,OpenDengue
Cao Bằng,1999,26,12,OpenDengue
Cao Bằng,2000,0,12,OpenDengue
Cao Bằng,2001,0,12,OpenDengue
Cao Bằng,2002,4,12,OpenDengue
Cao Bằng,2003,0,12,OpenDengue
Cao Bằng,2004,0,12,OpenDengue
Cao Bằng,2005,0,12,OpenDengue
Cao Bằng,2006,0,12,OpenDengue
Cao Bằng,2007,0,12,OpenDengue
Cao Bằng,2008,0,12,OpenDengue
Cao Bằng,2009,0,12,OpenDengue
Cao Bằng,2010,0,12,OpenDengue
Cao Bằng,2011,0,12,GDPM
Cao Bằng,2012,0,12,GDPM
Cao Bằng,2013,1,12,GDPM
Cao Bằng,2014,0,12,GDPM
Cao Bằng,2015,0,12,GDPM
Cao Bằng,2016,0,12,GDPM
Cao Bằng,2017,41,12,GDPM
Cà Mau,1994,5068,11,OpenDengue
Cà Mau,1995,6808,12,OpenDengue
Cà Mau,1996,6612,11,OpenDengue
Cà Mau,1997,8446,12,OpenDengue
Cà Mau,1998,3312,12,OpenDengue
Cà Mau,1999,1674,12,OpenDengue
Cà Mau,2000,1022,12,OpenDengue
Cà Mau,2001,749,12,OpenDengue
Cà Mau,2002,245,12,OpenDengue
Cà Mau,2003,950,12,OpenDengue
Cà Mau,2004,4222,12,OpenDengue
Cà Mau,2005,1393,12,OpenDengue
Cà Mau,2006,2725,12,OpenDengue
Cà Mau,2007,1578,12,OpenDengue
Cà Mau,2008,8284,12,OpenDengue
Cà Mau,2009,924,12,OpenDengue
Cà Mau,2010,14012,12,OpenDengue
Cà Mau,2011,8348,12,GDPM
Cà Mau,2012,1945,12,GDPM
Cà Mau,2013,448,12,GDPM
Cà Mau,2014,454,12,GDPM
Cà Mau,2015,1291,12,GDPM
Cà Mau,2016,2006,12,GDPM
Cà Mau,2017,2318,12,GDPM
Cần Thơ,1994,1030,11,OpenDengue
Cần Thơ,1995,604,12,OpenDengue
Cần Thơ,1996,1498,12,OpenDengue
Cần Thơ,1997,5945,12,OpenDengue
Cần Thơ,1998,3491,12,OpenDengue
Cần Thơ,1999,1847,12,OpenDengue
Cần Thơ,2000,600,12,OpenDengue
Cần Thơ,2001,555,12,OpenDengue
Cần Thơ,2002,282,12,OpenDengue
Cần Thơ,2003,1375,12,OpenDengue
Cần Thơ,2004,2477,12,OpenDengue
Cần Thơ,2005,1642,12,OpenDengue
Cần Thơ,2006,1464,12,OpenDengue
Cần Thơ,2007,1611,12,OpenDengue
Cần Thơ,2008,1263,12,OpenDengue
Cần Thơ,2009,1357,12,OpenDengue
Cần Thơ,2010,1819,12,OpenDengue
Cần Thơ,2011,776,12,GDPM
Cần Thơ,2012,1044,12,GDPM
Cần Thơ,2013,613,12,GDPM
Cần Thơ,2014,540,12,GDPM
Cần Thơ,2015,706,12,GDPM
Cần Thơ,2016,826,12,GDPM
Cần Thơ,2017,1212,12,GDPM
Gia Lai,1994,69,10,OpenDengue
Gia Lai,1995,121,12,OpenDengue
Gia Lai,1996,92,12,OpenDengue
Gia Lai,1997,675,12,OpenDengue
Gia Lai,1998,3254,12,OpenDengue
Gia Lai,1999,235,12,OpenDengue
Gia Lai,2000,220,12,OpenDengue
Gia Lai,2001,523,12,OpenDengue
Gia Lai,2002,926,12,OpenDengue
Gia Lai,2003,175,12,OpenDengue
Gia Lai,2004,191,12,OpenDengue
Gia Lai,2005,180,12,OpenDengue
Gia Lai,2006,542,12,OpenDengue
Gia Lai,2007,662,12,OpenDengue
Gia Lai,2008,466,12,OpenDengue
Gia Lai,2009,337,12,OpenDengue
Gia Lai,2010,3565,12,OpenDengue
Gia Lai,2011,98,12,GDPM
Gia Lai,2012,663,12,GDPM
Gia Lai,2013,1814,12,GDPM
Gia Lai,2014,219,12,GDPM
Gia Lai,2015,3022,12,GDPM
Gia Lai,2016,13216,12,GDPM
Gia Lai,2017,2926,12,GDPM
Hoà Bình,1994,8,10,OpenDengue
Hoà Bình,1995,18,12,OpenDengue
Hoà Bình,1996,11,12,OpenDengue
Hoà Bình,1997,1,12,OpenDengue
Hoà Bình,1998,1,12,OpenDengue
Hoà Bình,1999,3,12,OpenDengue
Hoà Bình,2000,0,12,OpenDengue
Hoà Bình,2001,12,12,OpenDengue
Hoà Bình,2002,0,12,OpenDengue
Hoà Bình,2003,1,12,OpenDengue
Hoà Bình,2004,1,12,OpenDengue
Hoà Bình,2005,0,12,OpenDengue
Hoà Bình,2006,1,12,OpenDengue
Hoà Bình,2007,3,12,OpenDengue
Hoà Bình,2008,2,12,OpenDengue
Hoà Bình,2009,16,12,OpenDengue
Hoà Bình,2010,33,12,OpenDengue
Hoà Bình,2011,7,12,GDPM
Hoà Bình,2012,0,12,GDPM
Hoà Bình,2013,0,12,GDPM
Hoà Bình,2014,0,12,GDPM
Hoà Bình,2015,19,12,GDPM
Hoà Bình,2016,20,12,GDPM
Hoà Bình,2017,531,12,GDPM
Hà Giang,1994,0,10,OpenDengue
Hà Giang,1995,0,12,OpenDengue
Hà Giang,1996,0,12,OpenDengue
Hà Giang,1997,0,12,OpenDengue
Hà Giang,1998,0,12,OpenDengue
Hà Giang,1999,0,12,OpenDengue
Hà Giang,2000,15,12,OpenDengue
Hà Giang,2001,0,12,OpenDengue
Hà Giang,2002,0,12,OpenDengue
Hà Giang,2003,0,12,OpenDengue
Hà Giang,2004,2,12,OpenDengue
Hà Giang,2005,0,12,OpenDengue
Hà Giang,2006,0,12,OpenDengue
Hà Giang,2007,0,12,OpenDengue
Hà Giang,2008,0,12,OpenDengue
Hà Giang,2009,0,12,OpenDengue
Hà Giang,2010,0,12,OpenDengue
Hà Giang,2011,0,12,GDPM
Hà Giang,2012,0,12,GDPM
Hà Giang,2013,0,12,GDPM
Hà Giang,2014,0,12,GDPM
Hà Giang,2015,0,12,GDPM
Hà Giang,2016,0,12,GDPM
Hà Giang,2017,43,12,GDPM
Hà Nam,1997,3,12,OpenDengue
Hà Nam,1998,44,12,OpenDengue
Hà Nam,1999,6,12,OpenDengue
Hà Nam,2000,121,12,OpenDengue
Hà Nam,2001,0,12,OpenDengue
Hà Nam,2002,4,12,OpenDengue
Hà Nam,2003,9,12,OpenDengue
Hà Nam,2004,10,12,OpenDengue
Hà Nam,2005,19,12,OpenDengue
Hà Nam,2006,7,12,OpenDengue
Hà Nam,2007,3,12,OpenDengue
Hà Nam,2008,4,12,OpenDengue
Hà Nam,2009,0,12,OpenDengue
Hà Nam,2010,15,12,OpenDengue
Hà Nam,2011,3,12,GDPM
Hà Nam,2012,7,12,GDPM
Hà Nam,2013,20,12,GDPM
Hà Nam,2014,3,12,GDPM
Hà Nam,2015,21,12,GDPM
Hà Nam,2016,63,12,GDPM
Hà Nam,2017,819,12,GDPM
Hà Nội,1994,1187,21,OpenDengue
Hà Nội,1995,98,24,OpenDengue
Hà Nội,1996,198,24,OpenDengue
Hà Nội,1997,140,24,OpenDengue
Hà Nội,1998,5754,24,OpenDengue
Hà Nội,1999,708,24,OpenDengue
Hà Nội,2000,108,24,OpenDengue
Hà Nội,2001,140,24,OpenDengue
Hà Nội,2002,99,24,OpenDengue
Hà Nội,2003,581,24,OpenDengue
Hà Nội,2004,604,24,OpenDengue
Hà Nội,2005,790,24,OpenDengue
Hà Nội,2006,2654,24,OpenDengue
Hà Nội,2007,1804,24,OpenDengue
Hà Nội,2008,2353,12,OpenDengue
Hà Nội,2009,16175,12,OpenDengue
Hà Nội,2010,3152,12,OpenDengue
Hà Nội,2011,4779,12,GDPM
Hà Nội,2012,1368,12,GDPM
Hà Nội,2013,3139,12,GDPM
Hà Nội,2014,1792,12,GDPM
Hà Nội,2015,15412,12,GDPM
Hà Nội,2016,6413,12,GDPM
Hà Nội,2017,37665,12,GDPM
Hà Tĩnh,1994,122,11,OpenDengue
Hà Tĩnh,1995,272,12,OpenDengue
Hà Tĩnh,1996,1,12,OpenDengue
Hà Tĩnh,1997,883,12,OpenDengue
Hà Tĩnh,1998,10530,12,OpenDengue
Hà Tĩnh,1999,390,12,OpenDengue
Hà Tĩnh,2000,35,12,OpenDengue
Hà Tĩnh,2001,6,12,OpenDengue
Hà Tĩnh,2002,103,12,OpenDengue
Hà Tĩnh,2003,367,12,OpenDengue
Hà Tĩnh,2004,27,12,OpenDengue
Hà Tĩnh,2005,203,12,OpenDengue
Hà Tĩnh,2006,404,12,OpenDengue
Hà Tĩnh,2007,108,12,OpenDengue
Hà Tĩnh,2008,151,12,OpenDengue
Hà Tĩnh,2009,113,12,OpenDengue
Hà Tĩnh,2010,5,12,OpenDengue
Hà Tĩnh,2011,5,12,GDPM
Hà Tĩnh,2012,35,12,GDPM
Hà Tĩnh,2013,140,12,GDPM
Hà Tĩnh,2014,117,12,GDPM
Hà Tĩnh,2015,59,12,GDPM
Hà Tĩnh,2016,21,12,GDPM
Hà Tĩnh,2017,194,12,GDPM
Hưng Yên,1997,0,11,OpenDengue
Hưng Yên,1998,4,12,OpenDengue
Hưng Yên,1999,1,12,OpenDengue
Hưng Yên,2000,2,12,OpenDengue
Hưng Yên,2001,8,12,OpenDengue
Hưng Yên,2002,0,12,OpenDengue
Hưng Yên,2003,3,12,OpenDengue
Hưng Yên,2004,2,12,OpenDengue
Hưng Yên,2005,11,12,OpenDengue
Hưng Yên,2006,3,12,OpenDengue
Hưng Yên,2007,0,12,OpenDengue
Hưng Yên,2008,2,12,OpenDengue
Hưng Yên,2009,1,12,OpenDengue
Hưng Yên,2010,1,12,OpenDengue
Hưng Yên,2011,1,12,GDPM
Hưng Yên,2012,5,12,GDPM
Hưng Yên,2013,2,12,GDPM
Hưng Yên,2014,0,12,GDPM
Hưng Yên,2015,0,12,GDPM
Hưng Yên,2016,18,12,GDPM
Hưng Yên,2017,1116,12,GDPM
Hải Dương,1994,0,11,OpenDengue
Hải Dương,1995,1,12,OpenDengue
Hải Dương,1996,0,12,OpenDengue
Hải Dương,1997,1,12,OpenDengue
Hải Dương,1998,5,12,OpenDengue
Hải Dương,1999,0,12,OpenDengue
Hải Dương,2000,0,12,OpenDengue
Hải Dương,2001,0,12,OpenDengue
Hải Dương,2002,2,12,OpenDengue
Hải Dương,2003,1,12,OpenDengue
Hải Dương,2004,2,12,OpenDengue
Hải Dương,2005,2,12,OpenDengue
Hải Dương,2006,0,12,OpenDengue
Hải Dương,2007,2,12,OpenDengue
Hải Dương,2008,1,12,OpenDengue
Hải Dương,2009,11,12,OpenDengue
Hải Dương,2010,0,12,OpenDengue
Hải Dương,2011,9,12,GDPM
Hải Dương,2012,1,12,GDPM
Hải Dương,2013,2,12,GDPM
Hải Dương,2014,0,12,GDPM
Hải Dương,2015,4,12,GDPM
Hải Dương,2016,7,12,GDPM
Hải Dương,2017,579,12,GDPM
Hải Phòng,1994,155,11,OpenDengue
Hải Phòng,1995,78,12,OpenDengue
Hải Phòng,1996,148,12,OpenDengue
Hải Phòng,1997,85,12,OpenDengue
Hải Phòng,1998,170,12,OpenDengue
Hải Phòng,1999,444,12,OpenDengue
Hải Phòng,2000,207,12,OpenDengue
Hải Phòng,2001,284,12,OpenDengue
Hải Phòng,2002,102,12,OpenDengue
Hải Phòng,2003,165,12,OpenDengue
Hải Phòng,2004,25,12,OpenDengue
Hải Phòng,2005,12,12,OpenDengue
Hải Phòng,2006,12,12,OpenDengue
Hải Phòng,2007,11,12,OpenDengue
Hải Phòng,2008,6,12,OpenDengue
Hải Phòng,2009,272,12,OpenDengue
Hải Phòng,2010,87,12,OpenDengue
Hải Phòng,2011,74,12,GDPM
Hải Phòng,2012,75,12,GDPM
Hải Phòng,2013,321,12,GDPM
Hải Phòng,2014,60,12,GDPM
Hải Phòng,2015,113,12,GDPM
Hải Phòng,2016,8,12,GDPM
Hải Phòng,2017,860,12,GDPM
Hậu Giang,2004,1238,12,OpenDengue
Hậu Giang,2005,1332,12,OpenDengue
Hậu Giang,2006,833,12,OpenDengue
Hậu Giang,2007,1162,12,OpenDengue
Hậu Giang,2008,825,12,OpenDengue
Hậu Giang,2009,1032,12,OpenDengue
Hậu Giang,2010,1052,12,OpenDengue
Hậu Giang,2011,692,12,GDPM
Hậu Giang,2012,686,12,GDPM
Hậu Giang,2013,365,12,GDPM
Hậu Giang,2014,195,12,GDPM
Hậu Giang,2015,163,12,GDPM
Hậu Giang,2016,314,12,GDPM
Hậu Giang,2017,385,12,GDPM
Hồ Chí Minh,1994,1619,11,OpenDengue
Hồ Chí Minh,1995,6463,12,OpenDengue
Hồ Chí Minh,1996,4452,12,OpenDengue
Hồ Chí Minh,1997,6493,12,OpenDengue
Hồ Chí Minh,1998,6973,12,OpenDengue
Hồ Chí Minh,1999,846,12,OpenDengue
Hồ Chí Minh,2000,1946,12,OpenDengue
Hồ Chí Minh,2001,1340,12,OpenDengue
Hồ Chí Minh,2002,1692,12,OpenDengue
Hồ Chí Minh,2003,8626,12,OpenDengue
Hồ Chí Minh,2004,7755,12,OpenDengue
Hồ Chí Minh,2005,6195,12,OpenDengue
Hồ Chí Minh,2006,8746,12,OpenDengue
Hồ Chí Minh,2007,9748,12,OpenDengue
Hồ Chí Minh,2008,18841,12,OpenDengue
Hồ Chí Minh,2009,17022,12,OpenDengue
Hồ Chí Minh,2010,6547,12,OpenDengue
Hồ Chí Minh,2011,11626,12,GDPM
Hồ Chí Minh,2012,9839,12,GDPM
Hồ Chí Minh,2013,6810,12,GDPM
Hồ Chí Minh,2014,6715,12,GDPM
Hồ Chí Minh,2015,11788,12,GDPM
Hồ Chí Minh,2016,18957,12,GDPM
Hồ Chí Minh,2017,33729,12,GDPM
Khánh Hòa,1994,1345,10,OpenDengue
Khánh Hòa,1995,4980,12,OpenDengue
Khánh Hòa,1996,1818,11,OpenDengue
Khánh Hòa,1997,3726,12,OpenDengue
Khánh Hòa,1998,7558,12,OpenDengue
Khánh Hòa,1999,1507,12,OpenDengue
Khánh Hòa,2000,754,12,OpenDengue
Khánh Hòa,2001,1121,12,OpenDengue
Khánh Hòa,2002,1194,12,OpenDengue
Khánh Hòa,2003,590,12,OpenDengue
Khánh Hòa,2004,1602,12,OpenDengue
Khánh Hòa,2005,5362,12,OpenDengue
Khánh Hòa,2006,1053,12,OpenDengue
Khánh Hòa,2007,3372,12,OpenDengue
Khánh Hòa,2008,3011,12,OpenDengue
Khánh Hòa,2009,2253,12,OpenDengue
Khánh Hòa,2010,6926,12,OpenDengue
Khánh Hòa,2011,845,12,GDPM
Khánh Hòa,2012,5290,12,GDPM
Khánh Hòa,2013,6946,12,GDPM
Khánh Hòa,2014,1068,12,GDPM
Khánh Hòa,2015,9187,12,GDPM
Khánh Hòa,2016,5059,12,GDPM
Khánh Hòa,2017,3100,12,GDPM
Kiên Giang,1994,1077,11,OpenDengue
Kiên Giang,1995,2948,12,OpenDengue
Kiên Giang,1996,5104,12,OpenDengue
Kiên Giang,1997,7699,12,OpenDengue
Kiên Giang,1998,8843,12,OpenDengue
Kiên Giang,1999,1145,12,OpenDengue
Kiên Giang,2000,595,12,OpenDengue
Kiên Giang,2001,2250,12,OpenDengue
Kiên Giang,2002,1101,12,OpenDengue
Kiên Giang,2003,3120,12,OpenDengue
Kiên Giang,2004,6153,12,OpenDengue
Kiên Giang,2005,2522,12,OpenDengue
Kiên Giang,2006,4142,12,OpenDengue
Kiên Giang,2007,5814,12,OpenDengue
Kiên Giang,2008,2913,12,OpenDengue
Kiên Giang,2009,5395,12,OpenDengue
Kiên Giang,2010,5943,12,OpenDengue
Kiên Giang,2011,1662,12,GDPM
Kiên Giang,2012,3533,12,GDPM
Kiên Giang,2013,933,12,GDPM
Kiên Giang,2014,469,12,GDPM
Kiên Giang,2015,666,12,GDPM
Kiên Giang,2016,990,12,GDPM
Kiên Giang,2017,1426,12,GDPM
Kon Tum,1994,0,11,OpenDengue
Kon Tum,1995,2187,12,OpenDengue
Kon Tum,1996,0,12,OpenDengue
Kon Tum,1997,63,12,OpenDengue
Kon Tum,1998,1660,12,OpenDengue
Kon Tum,1999,164,12,OpenDengue
Kon Tum,2000,8,12,OpenDengue
Kon Tum,2001,153,12,OpenDengue
Kon Tum,2002,1,12,OpenDengue
Kon Tum,2003,68,12,OpenDengue
Kon Tum,2004,76,12,OpenDengue
Kon Tum,2005,0,12,OpenDengue
Kon Tum,2006,2,12,OpenDengue
Kon Tum,2007,392,12,OpenDengue
Kon Tum,2008,35,12,OpenDengue
Kon Tum,2009,109,12,OpenDengue
Kon Tum,2010,1031,12,OpenDengue
Kon Tum,2011,19,12,GDPM
Kon Tum,2012,22,12,GDPM
Kon Tum,2013,392,12,GDPM
Kon Tum,2014,99,12,GDPM
Kon Tum,2015,234,12,GDPM
Kon Tum,2016,3433,12,GDPM
Kon Tum,2017,573,12,GDPM
Lai Châu,1994,0,11,OpenDengue
Lai Châu,1995,0,12,OpenDengue
Lai Châu,1996,0,12,OpenDengue
Lai Châu,1997,0,12,OpenDengue
Lai Châu,1998,0,12,OpenDengue
Lai Châu,1999,0,12,OpenDengue
Lai Châu,2000,1,12,OpenDengue
Lai Châu,2001,0,12,OpenDengue
Lai Châu,2002,0,12,OpenDengue
Lai Châu,2003,2,12,OpenDengue
Lai Châu,2004,0,12,OpenDengue
Lai Châu,2005,1,12,OpenDengue
Lai Châu,2006,0,12,OpenDengue
Lai Châu,2007,0,12,OpenDengue
Lai Châu,2008,0,12,OpenDengue
Lai Châu,2009,0,12,OpenDengue
Lai Châu,2010,0,12,OpenDengue
Lai Châu,2011,0,12,GDPM
Lai Châu,2012,0,12,GDPM
Lai Châu,2013,0,12,GDPM
Lai Châu,2014,0,12,GDPM
Lai Châu,2015,0,12,GDPM
Lai Châu,2016,0,12,GDPM
Lai Châu,2017,17,12,GDPM
Long An,1994,599,11,OpenDengue
Long An,1995,1784,12,OpenDengue
Long An,1996,4671,11,OpenDengue
Long An,1997,2163,12,OpenDengue
Long An,1998,4228,12,OpenDengue
Long An,1999,290,12,OpenDengue
Long An,2000,1640,12,OpenDengue
Long An,2001,650,12,OpenDengue
Long An,2002,706,12,OpenDengue
Long An,2003,1005,12,OpenDengue
Long An,2004,2123,12,OpenDengue
Long An,2005,1411,12,OpenDengue
Long An,2006,2272,12,OpenDengue
Long An,2007,5967,12,OpenDengue
Long An,2008,3787,12,OpenDengue
Long An,2009,5950,12,OpenDengue
Long An,2010,2879,12,OpenDengue
Long An,2011,2995,12,GDPM
Long An,2012,4714,12,GDPM
Long An,2013,2181,12,GDPM
Long An,2014,1586,12,GDPM
Long An,2015,2725,12,GDPM
Long An,2016,1978,12,GDPM
Long An,2017,2804,12,GDPM
Lào Cai,1994,1,11,OpenDengue
Lào Cai,1995,1,12,OpenDengue
Lào Cai,1996,2,12,OpenDengue
Lào Cai,1997,1,12,OpenDengue
Lào Cai,1998,3,12,OpenDengue
Lào Cai,1999,2,12,OpenDengue
Lào Cai,2000,0,12,OpenDengue
Lào Cai,2001,3,12,OpenDengue
Lào Cai,2002,0,12,OpenDengue
Lào Cai,2003,0,12,OpenDengue
Lào Cai,2004,1,12,OpenDengue
Lào Cai,2005,1,12,OpenDengue
Lào Cai,2006,0,12,OpenDengue
Lào Cai,2007,0,12,OpenDengue
Lào Cai,2008,0,12,OpenDengue
Lào Cai,2009,0,12,OpenDengue
Lào Cai,2010,0,12,OpenDengue
Lào Cai,2011,0,12,GDPM
Lào Cai,2012,1,12,GDPM
Lào Cai,2013,0,12,GDPM
Lào Cai,2014,0,12,GDPM
Lào Cai,2015,0,12,GDPM
Lào Cai,2016,0,12,GDPM
Lào Cai,2017,163,12,GDPM
Lâm Đồng,1994,118,11,OpenDengue
Lâm Đồng,1995,59,12,OpenDengue
Lâm Đồng,1996,114,9,OpenDengue
Lâm Đồng,1997,347,12,OpenDengue
Lâm Đồng,1998,1344,12,OpenDengue
Lâm Đồng,1999,218,12,OpenDengue
Lâm Đồng,2000,296,12,OpenDengue
Lâm Đồng,2001,184,12,OpenDengue
Lâm Đồng,2002,191,12,OpenDengue
Lâm Đồng,2003,99,12,OpenDengue
Lâm Đồng,2004,55,12,OpenDengue
Lâm Đồng,2005,50,12,OpenDengue
Lâm Đồng,2006,60,12,OpenDengue
Lâm Đồng,2007,57,12,OpenDengue
Lâm Đồng,2008,195,12,OpenDengue
Lâm Đồng,2009,273,12,OpenDengue
Lâm Đồng,2010,4409,12,OpenDengue
Lâm Đồng,2011,92,12,GDPM
Lâm Đồng,2012,163,12,GDPM
Lâm Đồng,2013,156,12,GDPM
Lâm Đồng,2014,68,12,GDPM
Lâm Đồng,2015,288,12,GDPM
Lâm Đồng,2016,1982,12,GDPM
Lâm Đồng,2017,446,12,GDPM
Lạng Sơn,1994,6,11,OpenDengue
Lạng Sơn,1995,4,12,OpenDengue
Lạng Sơn,1996,2,12,OpenDengue
Lạng Sơn,1997,6,12,OpenDengue
Lạng Sơn,1998,1,12,OpenDengue
Lạng Sơn,1999,19,12,OpenDengue
Lạng Sơn,2000,13,12,OpenDengue
Lạng Sơn,2001,8,12,OpenDengue
Lạng Sơn,2002,1,12,OpenDengue
Lạng Sơn,2003,0,12,OpenDengue
Lạng Sơn,2004,5,12,OpenDengue
Lạng Sơn,2005,0,12,OpenDengue
Lạng Sơn,2006,0,12,OpenDengue
Lạng Sơn,2007,0,12,OpenDengue
Lạng Sơn,2008,0,12,OpenDengue
Lạng Sơn,2009,0,12,OpenDengue
Lạng Sơn,2010,0,12,OpenDengue
Lạng Sơn,2011,2,12,GDPM
Lạng Sơn,2012,2,12,GDPM
Lạng Sơn,2013,0,12,GDPM
Lạng Sơn,2014,0,12,GDPM
Lạng Sơn,2015,3,12,GDPM
Lạng Sơn,2016,0,12,GDPM
Lạng Sơn,2017,236,12,GDPM
Nam Định,1994,36,11,OpenDengue
Nam Định,1995,298,12,OpenDengue
Nam Định,1996,641,12,OpenDengue
Nam Định,1997,0,12,OpenDengue
Nam Định,1998,781,12,OpenDengue
Nam Định,1999,85,12,OpenDengue
Nam Định,2000,0,12,OpenDengue
Nam Định,2001,1,12,OpenDengue
Nam Định,2002,4,12,OpenDengue
Nam Định,2003,83,12,OpenDengue
Nam Định,2004,136,12,OpenDengue
Nam Định,2005,50,12,OpenDengue
Nam Định,2006,37,12,OpenDengue
Nam Định,2007,19,12,OpenDengue
Nam Định,2008,8,12,OpenDengue
Nam Định,2009,86,12,OpenDengue
Nam Định,2010,265,12,OpenDengue
Nam Định,2011,81,12,GDPM
Nam Định,2012,117,12,GDPM
Nam Định,2013,135,12,GDPM
Nam Định,2014,105,12,GDPM
Nam Định,2015,204,12,GDPM
Nam Định,2016,173,12,GDPM
Nam Định,2017,5096,12,GDPM
Nghệ An,1994,78,11,OpenDengue
Nghệ An,1995,49,12,OpenDengue
Nghệ An,1996,198,12,OpenDengue
Nghệ An,1997,867,12,OpenDengue
Nghệ An,1998,8073,12,OpenDengue
Nghệ An,1999,67,12,OpenDengue
Nghệ An,2000,5,12,OpenDengue
Nghệ An,2001,787,12,OpenDengue
Nghệ An,2002,499,12,OpenDengue
Nghệ An,2003,450,12,OpenDengue
Nghệ An,2004,454,12,OpenDengue
Nghệ An,2005,46,12,OpenDengue
Nghệ An,2006,1410,12,OpenDengue
Nghệ An,2007,95,12,OpenDengue
Nghệ An,2008,1345,12,OpenDengue
Nghệ An,2009,473,12,OpenDengue
Nghệ An,2010,0,12,OpenDengue
Nghệ An,2011,74,12,GDPM
Nghệ An,2012,120,12,GDPM
Nghệ An,2013,71,12,GDPM
Nghệ An,2014,7,12,GDPM
Nghệ An,2015,199,12,GDPM
Nghệ An,2016,79,12,GDPM
Nghệ An,2017,517,12,GDPM
Ninh Bình,1994,4,11,OpenDengue
Ninh Bình,1995,2,12,OpenDengue
Ninh Bình,1996,0,12,OpenDengue
Ninh Bình,1997,0,12,OpenDengue
Ninh Bình,1998,13,12,OpenDengue
Ninh Bình,1999,0,12,OpenDengue
Ninh Bình,2000,1,12,OpenDengue
Ninh Bình,2001,0,12,OpenDengue
Ninh Bình,2002,0,12,OpenDengue
Ninh Bình,2003,7,12,OpenDengue
Ninh Bình,2004,3,12,OpenDengue
Ninh Bình,2005,7,12,OpenDengue
Ninh Bình,2006,0,12,OpenDengue
Ninh Bình,2007,0,12,OpenDengue
Ninh Bình,2008,1,12,OpenDengue
Ninh Bình,2009,2,12,OpenDengue
Ninh Bình,2010,12,12,OpenDengue
Ninh Bình,2011,3,12,GDPM
Ninh Bình,2012,6,12,GDPM
Ninh Bình,2013,7,12,GDPM
Ninh Bình,2014,1,12,GDPM
Ninh Bình,2015,27,12,GDPM
Ninh Bình,2016,8,12,GDPM
Ninh Bình,2017,760,12,GDPM
Ninh Thuận,1994,797,10,OpenDengue
Ninh Thuận,1995,2537,12,OpenDengue
Ninh Thuận,1996,4374,12,OpenDengue
Ninh Thuận,1997,5364,12,OpenDengue
Ninh Thuận,1998,6176,12,OpenDengue
Ninh Thuận,1999,1830,12,OpenDengue
Ninh Thuận,2000,1108,12,OpenDengue
Ninh Thuận,2001,1096,12,OpenDengue
Ninh Thuận,2002,231,12,OpenDengue
Ninh Thuận,2003,63,12,OpenDengue
Ninh Thuận,2004,157,12,OpenDengue
Ninh Thuận,2005,310,12,OpenDengue
Ninh Thuận,2006,1605,12,OpenDengue
Ninh Thuận,2007,498,12,OpenDengue
Ninh Thuận,2008,563,12,OpenDengue
Ninh Thuận,2009,740,12,OpenDengue
Ninh Thuận,2010,1554,12,OpenDengue
Ninh Thuận,2011,174,12,GDPM
Ninh Thuận,2012,274,12,GDPM
Ninh Thuận,2013,312,12,GDPM
Ninh Thuận,2014,122,12,GDPM
Ninh Thuận,2015,370,12,GDPM
Ninh Thuận,2016,823,12,GDPM
Ninh Thuận,2017,525,12,GDPM
Phú Thọ,1997,10,12,OpenDengue
Phú Thọ,1998,404,12,OpenDengue
Phú Thọ,1999,3,12,OpenDengue
Phú Thọ,2000,196,12,OpenDengue
Phú Thọ,2001,54,12,OpenDengue
Phú Thọ,2002,0,12,OpenDengue
Phú Thọ,2003,0,12,OpenDengue
Phú Thọ,2004,1,12,OpenDengue
Phú Thọ,2005,8,12,OpenDengue
Phú Thọ,2006,0,12,OpenDengue
Phú Thọ,2007,0,12,OpenDengue
Phú Thọ,2008,0,12,OpenDengue
Phú Thọ,2009,0,12,OpenDengue
Phú Thọ,2010,85,12,OpenDengue
Phú Thọ,2011,10,12,GDPM
Phú Thọ,2012,5,12,GDPM
Phú Thọ,2013,5,12,GDPM
Phú Thọ,2014,3,12,GDPM
Phú Thọ,2015,21,12,GDPM
Phú Thọ,2016,24,12,GDPM
Phú Thọ,2017,1607,12,GDPM
Phú Yên,1994,586,10,OpenDengue
Phú Yên,1995,1234,12,OpenDengue
Phú Yên,1996,1150,12,OpenDengue
Phú Yên,1997,2969,12,OpenDengue
Phú Yên,1998,6264,12,OpenDengue
Phú Yên,1999,801,12,OpenDengue
Phú Yên,2000,301,12,OpenDengue
Phú Yên,2001,3238,12,OpenDengue
Phú Yên,2002,1532,12,OpenDengue
Phú Yên,2003,723,12,OpenDengue
Phú Yên,2004,958,12,OpenDengue
Phú Yên,2005,373,12,OpenDengue
Phú Yên,2006,535,12,OpenDengue
Phú Yên,2007,1638,12,OpenDengue
Phú Yên,2008,1416,12,OpenDengue
Phú Yên,2009,2736,12,OpenDengue
Phú Yên,2010,4305,12,OpenDengue
Phú Yên,2011,374,12,GDPM
Phú Yên,2012,2300,12,GDPM
Phú Yên,2013,2718,12,GDPM
Phú Yên,2014,608,12,GDPM
Phú Yên,2015,1983,12,GDPM
Phú Yên,2016,2644,12,GDPM
Phú Yên,2017,1820,12,GDPM
Quảng Bình,1994,518,10,OpenDengue
Quảng Bình,1995,604,12,OpenDengue
Quảng Bình,1996,1186,12,OpenDengue
Quảng Bình,1997,1544,12,OpenDengue
Quảng Bình,1998,7893,12,OpenDengue
Quảng Bình,1999,1024,12,OpenDengue
Quảng Bình,2000,0,12,OpenDengue
Quảng Bình,2001,1098,12,OpenDengue
Quảng Bình,2002,590,12,OpenDengue
Quảng Bình,2003,523,12,OpenDengue
Quảng Bình,2004,385,12,OpenDengue
Quảng Bình,2005,218,12,OpenDengue
Quảng Bình,2006,0,12,OpenDengue
Quảng Bình,2007,69,12,OpenDengue
Quảng Bình,2008,39,12,OpenDengue
Quảng Bình,2009,85,12,OpenDengue
Quảng Bình,2010,657,12,OpenDengue
Quảng Bình,2011,20,12,GDPM
Quảng Bình,2012,68,12,GDPM
Quảng Bình,2013,421,12,GDPM
Quảng Bình,2014,58,12,GDPM
Quảng Bình,2015,192,12,GDPM
Quảng Bình,2016,94,12,GDPM
Quảng Bình,2017,895,12,GDPM
Quảng Nam,1994,2043,10,OpenDengue
Quảng Nam,1995,673,12,OpenDengue
Quảng Nam,1996,2374,12,OpenDengue
Quảng Nam,1997,1297,12,OpenDengue
Quảng Nam,1998,3375,12,OpenDengue
Quảng Nam,1999,237,12,OpenDengue
Quảng Nam,2000,59,12,OpenDengue
Quảng Nam,2001,273,12,OpenDengue
Quảng Nam,2002,434,12,OpenDengue
Quảng Nam,2003,1372,12,OpenDengue
Quảng Nam,2004,261,12,OpenDengue
Quảng Nam,2005,38,12,OpenDengue
Quảng Nam,2006,242,12,OpenDengue
Quảng Nam,2007,896,12,OpenDengue
Quảng Nam,2008,387,12,OpenDengue
Quảng Nam,2009,349,12,OpenDengue
Quảng Nam,2010,3078,12,OpenDengue
Quảng Nam,2011,62,12,GDPM
Quảng Nam,2012,495,12,GDPM
Quảng Nam,2013,1513,12,GDPM
Quảng Nam,2014,187,12,GDPM
Quảng Nam,2015,2151,12,GDPM
Quảng Nam,2016,3389,12,GDPM
Quảng Nam,2017,3480,12,GDPM
Quảng Ngãi,1994,601,11,OpenDengue
Quảng Ngãi,1995,1182,12,OpenDengue
Quảng Ngãi,1996,1830,12,OpenDengue
Quảng Ngãi,1997,839,12,OpenDengue
Quảng Ngãi,1998,4245,12,OpenDengue
Quảng Ngãi,1999,443,12,OpenDengue
Quảng Ngãi,2000,27,12,OpenDengue
Quảng Ngãi,2001,93,12,OpenDengue
Quảng Ngãi,2002,238,12,OpenDengue
Quảng Ngãi,2003,41,12,OpenDengue
Quảng Ngãi,2004,452,12,OpenDengue
Quảng Ngãi,2005,41,12,OpenDengue
Quảng Ngãi,2006,1468,12,OpenDengue
Quảng Ngãi,2007,1047,12,OpenDengue
Quảng Ngãi,2008,657,12,OpenDengue
Quảng Ngãi,2009,1242,12,OpenDengue
Quảng Ngãi,2010,5667,12,OpenDengue
Quảng Ngãi,2011,555,12,GDPM
Quảng Ngãi,2012,969,12,GDPM
Quảng Ngãi,2013,1106,12,GDPM
Quảng Ngãi,2014,284,12,GDPM
Quảng Ngãi,2015,1782,12,GDPM
Quảng Ngãi,2016,1325,12,GDPM
Quảng Ngãi,2017,1367,12,GDPM
Quảng Ninh,1994,96,11,OpenDengue
Quảng Ninh,1995,110,12,OpenDengue
Quảng Ninh,1996,152,12,OpenDengue
Quảng Ninh,1997,183,12,OpenDengue
Quảng Ninh,1998,433,12,OpenDengue
Quảng Ninh,1999,1174,12,OpenDengue
Quảng Ninh,2000,157,12,OpenDengue
Quảng Ninh,2001,383,12,OpenDengue
Quảng Ninh,2002,27,12,OpenDengue
Quảng Ninh,2003,21,12,OpenDengue
Quảng Ninh,2004,24,12,OpenDengue
Quảng Ninh,2005,6,12,OpenDengue
Quảng Ninh,2006,5,12,OpenDengue
Quảng Ninh,2007,0,12,OpenDengue
Quảng Ninh,2008,0,12,OpenDengue
Quảng Ninh,2009,268,12,OpenDengue
Quảng Ninh,2010,144,12,OpenDengue
Quảng Ninh,2011,63,12,GDPM
Quảng Ninh,2012,126,12,GDPM
Quảng Ninh,2013,121,12,GDPM
Quảng Ninh,2014,48,12,GDPM
Quảng Ninh,2015,133,12,GDPM
Quảng Ninh,2016,134,12,GDPM
Quảng Ninh,2017,647,12,GDPM
Quảng Trị,1994,1449,11,OpenDengue
Quảng Trị,1995,991,12,OpenDengue
Quảng Trị,1996,586,12,OpenDengue
Quảng Trị,1997,947,12,OpenDengue
Quảng Trị,1998,14758,12,OpenDengue
Quảng Trị,1999,185,12,OpenDengue
Quảng Trị,2000,77,12,OpenDengue
Quảng Trị,2001,44,12,OpenDengue
Quảng Trị,2002,784,12,OpenDengue
Quảng Trị,2003,734,12,OpenDengue
Quảng Trị,2004,210,12,OpenDengue
Quảng Trị,2005,2,12,OpenDengue
Quảng Trị,2006,75,12,OpenDengue
Quảng Trị,2007,34,12,OpenDengue
Quảng Trị,2008,45,12,OpenDengue
Quảng Trị,2009,74,12,OpenDengue
Quảng Trị,2010,268,12,OpenDengue
Quảng Trị,2011,9,12,GDPM
Quảng Trị,2012,49,12,GDPM
Quảng Trị,2013,338,12,GDPM
Quảng Trị,2014,16,12,GDPM
Quảng Trị,2015,155,12,GDPM
Quảng Trị,2016,665,12,GDPM
Quảng Trị,2017,736,12,GDPM
Sóc Trăng,1994,1492,9,OpenDengue
Sóc Trăng,1995,1625,12,OpenDengue
Sóc Trăng,1996,1212,12,OpenDengue
Sóc Trăng,1997,3191,12,OpenDengue
Sóc Trăng,1998,7346,12,OpenDengue
Sóc Trăng,1999,1035,12,OpenDengue
Sóc Trăng,2000,307,12,OpenDengue
Sóc Trăng,2001,268,12,OpenDengue
Sóc Trăng,2002,1211,12,OpenDengue
Sóc Trăng,2003,1144,12,OpenDengue
Sóc Trăng,2004,5824,12,OpenDengue
Sóc Trăng,2005,3943,12,OpenDengue
Sóc Trăng,2006,4390,12,OpenDengue
Sóc Trăng,2007,5249,12,OpenDengue
Sóc Trăng,2008,4640,12,OpenDengue
Sóc Trăng,2009,4622,12,OpenDengue
Sóc Trăng,2010,5395,12,OpenDengue
Sóc Trăng,2011,2720,12,GDPM
Sóc Trăng,2012,3636,12,GDPM
Sóc Trăng,2013,1233,12,GDPM
Sóc Trăng,2014,820,12,GDPM
Sóc Trăng,2015,1614,12,GDPM
Sóc Trăng,2016,1857,12,GDPM
Sóc Trăng,2017,2544,12,GDPM
Sơn La,1994,0,11,OpenDengue
Sơn La,1995,0,12,OpenDengue
Sơn La,1996,2,12,OpenDengue
Sơn La,1997,0,12,OpenDengue
Sơn La,1998,1,12,OpenDengue
Sơn La,1999,0,12,OpenDengue
Sơn La,2000,0,12,OpenDengue
Sơn La,2001,20,12,OpenDengue
Sơn La,2002,0,12,OpenDengue
Sơn La,2003,0,12,OpenDengue
Sơn La,2004,1,12,OpenDengue
Sơn La,2005,4,12,OpenDengue
Sơn La,2006,0,12,OpenDengue
Sơn La,2007,0,12,OpenDengue
Sơn La,2008,0,12,OpenDengue
Sơn La,2009,11,12,OpenDengue
Sơn La,2010,1,12,OpenDengue
Sơn La,2011,0,12,GDPM
Sơn La,2012,0,12,GDPM
Sơn La,2013,0,12,GDPM
Sơn La,2014,0,12,GDPM
Sơn La,2015,0,12,GDPM
Sơn La,2016,2,12,GDPM
Sơn La,2017,239,12,GDPM
Thanh Hóa,1994,197,11,OpenDengue
Thanh Hóa,1995,727,12,OpenDengue
Thanh Hóa,1996,496,12,OpenDengue
Thanh Hóa,1997,230,12,OpenDengue
Thanh Hóa,1998,2919,12,OpenDengue
Thanh Hóa,1999,104,12,OpenDengue
Thanh Hóa,2000,19,12,OpenDengue
Thanh Hóa,2001,78,12,OpenDengue
Thanh Hóa,2002,42,12,OpenDengue
Thanh Hóa,2003,126,12,OpenDengue
Thanh Hóa,2004,72,12,OpenDengue
Thanh Hóa,2005,373,12,OpenDengue
Thanh Hóa,2006,160,12,OpenDengue
Thanh Hóa,2007,150,12,OpenDengue
Thanh Hóa,2008,94,12,OpenDengue
Thanh Hóa,2009,258,12,OpenDengue
Thanh Hóa,2010,0,12,OpenDengue
Thanh Hóa,2011,43,12,GDPM
Thanh Hóa,2012,28,12,GDPM
Thanh Hóa,2013,158,12,GDPM
Thanh Hóa,2014,33,12,GDPM
Thanh Hóa,2015,222,12,GDPM
Thanh Hóa,2016,171,12,GDPM
Thanh Hóa,2017,3374,12,GDPM
Thái Bình,1994,410,11,OpenDengue
Thái Bình,1995,1,12,OpenDengue
Thái Bình,1996,458,12,OpenDengue
Thái Bình,1997,0,12,OpenDengue
Thái Bình,1998,116,12,OpenDengue
Thái Bình,1999,0,12,OpenDengue
Thái Bình,2000,0,12,OpenDengue
Thái Bình,2001,4,12,OpenDengue
Thái Bình,2002,8,12,OpenDengue
Thái Bình,2003,4,12,OpenDengue
Thái Bình,2004,61,12,OpenDengue
Thái Bình,2005,0,12,OpenDengue
Thái Bình,2006,15,12,OpenDengue
Thái Bình,2007,31,12,OpenDengue
Thái Bình,2008,8,12,OpenDengue
Thái Bình,2009,136,12,OpenDengue
Thái Bình,2010,84,12,OpenDengue
Thái Bình,2011,88,12,GDPM
Thái Bình,2012,17,12,GDPM
Thái Bình,2013,100,12,GDPM
Thái Bình,2014,44,12,GDPM
Thái Bình,2015,145,12,GDPM
Thái Bình,2016,108,12,GDPM
Thái Bình,2017,720,12,GDPM
Thái Nguyên,1994,1,10,OpenDengue
Thái Nguyên,1995,4,12,OpenDengue
Thái Nguyên,1996,1,12,OpenDengue
Thái Nguyên,1997,0,12,OpenDengue
Thái Nguyên,1998,4,12,OpenDengue
Thái Nguyên,1999,39,12,OpenDengue
Thái Nguyên,2000,12,12,OpenDengue
Thái Nguyên,2001,19,12,OpenDengue
Thái Nguyên,2002,1,12,OpenDengue
Thái Nguyên,2003,3,12,OpenDengue
Thái Nguyên,2004,2,12,OpenDengue
Thái Nguyên,2005,0,12,OpenDengue
Thái Nguyên,2006,1,12,OpenDengue
Thái Nguyên,2007,0,12,OpenDengue
Thái Nguyên,2008,0,12,OpenDengue
Thái Nguyên,2009,0,12,OpenDengue
Thái Nguyên,2010,8,12,OpenDengue
Thái Nguyên,2011,4,12,GDPM
Thái Nguyên,2012,0,12,GDPM
Thái Nguyên,2013,5,12,GDPM
Thái Nguyên,2014,0,12,GDPM
Thái Nguyên,2015,13,12,GDPM
Thái Nguyên,2016,0,12,GDPM
Thái Nguyên,2017,443,12,GDPM
Thừa Thiên Huế,1994,484,11,OpenDengue
Thừa Thiên Huế,1995,536,12,OpenDengue
Thừa Thiên Huế,1996,1013,12,OpenDengue
Thừa Thiên Huế,1997,424,12,OpenDengue
Thừa Thiên Huế,1998,2102,12,OpenDengue
Thừa Thiên Huế,1999,109,12,OpenDengue
Thừa Thiên Huế,2000,83,12,OpenDengue
Thừa Thiên Huế,2001,416,12,OpenDengue
Thừa Thiên Huế,2002,238,12,OpenDengue
Thừa Thiên Huế,2003,568,12,OpenDengue
Thừa Thiên Huế,2004,76,12,OpenDengue
Thừa Thiên Huế,2005,41,12,OpenDengue
Thừa Thiên Huế,2006,116,12,OpenDengue
Thừa Thiên Huế,2007,114,12,OpenDengue
Thừa Thiên Huế,2008,32,12,OpenDengue
Thừa Thiên Huế,2009,138,12,OpenDengue
Thừa Thiên Huế,2010,2795,12,OpenDengue
Thừa Thiên Huế,2011,29,12,GDPM
Thừa Thiên Huế,2012,233,12,GDPM
Thừa Thiên Huế,2013,813,12,GDPM
Thừa Thiên Huế,2014,266,12,GDPM
Thừa Thiên Huế,2015,483,12,GDPM
Thừa Thiên Huế,2016,418,12,GDPM
Thừa Thiên Huế,2017,349,12,GDPM
Tiền Giang,1994,571,11,OpenDengue
Tiền Giang,1995,1638,12,OpenDengue
Tiền Giang,1996,9085,12,OpenDengue
Tiền Giang,1997,2112,12,OpenDengue
Tiền Giang,1998,6908,12,OpenDengue
Tiền Giang,1999,1295,12,OpenDengue
Tiền Giang,2000,2718,12,OpenDengue
Tiền Giang,2001,4325,12,OpenDengue
Tiền Giang,2002,2109,12,OpenDengue
Tiền Giang,2003,7669,12,OpenDengue
Tiền Giang,2004,6098,12,OpenDengue
Tiền Giang,2005,4012,12,OpenDengue
Tiền Giang,2006,4203,12,OpenDengue
Tiền Giang,2007,13408,12,OpenDengue
Tiền Giang,2008,6239,12,OpenDengue
Tiền Giang,2009,6262,12,OpenDengue
Tiền Giang,2010,4721,12,OpenDengue
Tiền Giang,2011,3392,12,GDPM
Tiền Giang,2012,4272,12,GDPM
Tiền Giang,2013,1431,12,GDPM
Tiền Giang,2014,886,12,GDPM
Tiền Giang,2015,2196,12,GDPM
Tiền Giang,2016,2326,12,GDPM
Tiền Giang,2017,3011,12,GDPM
Trà Vinh,1994,1532,11,OpenDengue
Trà Vinh,1995,700,12,OpenDengue
Trà Vinh,1996,1836,12,OpenDengue
Trà Vinh,1997,9505,12,OpenDengue
Trà Vinh,1998,4755,12,OpenDengue
Trà Vinh,1999,1987,12,OpenDengue
Trà Vinh,2000,579,12,OpenDengue
Trà Vinh,2001,205,12,OpenDengue
Trà Vinh,2002,111,12,OpenDengue
Trà Vinh,2003,374,12,OpenDengue
Trà Vinh,2004,2363,12,OpenDengue
Trà Vinh,2005,2238,12,OpenDengue
Trà Vinh,2006,1352,12,OpenDengue
Trà Vinh,2007,1274,12,OpenDengue
Trà Vinh,2008,997,12,OpenDengue
Trà Vinh,2009,2730,12,OpenDengue
Trà Vinh,2010,1961,12,OpenDengue
Trà Vinh,2011,463,12,GDPM
Trà Vinh,2012,722,12,GDPM
Trà Vinh,2013,651,12,GDPM
Trà Vinh,2014,101,12,GDPM
Trà Vinh,2015,351,12,GDPM
Trà Vinh,2016,1209,12,GDPM
Trà Vinh,2017,1469,12,GDPM
Tuyên Quang,1994,0,11,OpenDengue
Tuyên Quang,1995,8,12,OpenDengue
Tuyên Quang,1996,8,12,OpenDengue
Tuyên Quang,1997,0,12,OpenDengue
Tuyên Quang,1998,0,12,OpenDengue
Tuyên Quang,1999,0,12,OpenDengue
Tuyên Quang,2000,0,12,OpenDengue
Tuyên Quang,2001,0,12,OpenDengue
Tuyên Quang,2002,0,12,OpenDengue
Tuyên Quang,2003,0,12,OpenDengue
Tuyên Quang,2004,0,12,OpenDengue
Tuyên Quang,2005,0,12,OpenDengue
Tuyên Quang,2006,0,12,OpenDengue
Tuyên Quang,2007,0,12,OpenDengue
Tuyên Quang,2008,0,12,OpenDengue
Tuyên Quang,2009,0,12,OpenDengue
Tuyên Quang,2010,0,12,OpenDengue
Tuyên Quang,2011,0,12,GDPM
Tuyên Quang,2012,0,12,GDPM
Tuyên Quang,2013,0,12,GDPM
Tuyên Quang,2014,2,12,GDPM
Tuyên Quang,2015,0,12,GDPM
Tuyên Quang,2016,0,12,GDPM
Tuyên Quang,2017,385,12,GDPM
Tây Ninh,1994,396,11,OpenDengue
Tây Ninh,1995,1406,12,OpenDengue
Tây Ninh,1996,3397,12,OpenDengue
Tây Ninh,1997,1154,12,OpenDengue
Tây Ninh,1998,4656,12,OpenDengue
Tây Ninh,1999,406,12,OpenDengue
Tây Ninh,2000,615,12,OpenDengue
Tây Ninh,2001,681,12,OpenDengue
Tây Ninh,2002,371,12,OpenDengue
Tây Ninh,2003,572,12,OpenDengue
Tây Ninh,2004,3762,12,OpenDengue
Tây Ninh,2005,727,12,OpenDengue
Tây Ninh,2006,494,12,OpenDengue
Tây Ninh,2007,752,12,OpenDengue
Tây Ninh,2008,1160,12,OpenDengue
Tây Ninh,2009,817,12,OpenDengue
Tây Ninh,2010,995,12,OpenDengue
Tây Ninh,2011,2551,12,GDPM
Tây Ninh,2012,2053,12,GDPM
Tây Ninh,2013,750,12,GDPM
Tây Ninh,2014,941,12,GDPM
Tây Ninh,2015,1591,12,GDPM
Tây Ninh,2016,1135,12,GDPM
Tây Ninh,2017,1309,12,GDPM
Vĩnh Long,1994,1631,9,OpenDengue
Vĩnh Long,1995,1478,12,OpenDengue
Vĩnh Long,1996,2758,12,OpenDengue
Vĩnh Long,1997,2373,12,OpenDengue
Vĩnh Long,1998,2627,12,OpenDengue
Vĩnh Long,1999,1268,12,OpenDengue
Vĩnh Long,2000,415,12,OpenDengue
Vĩnh Long,2001,361,12,OpenDengue
Vĩnh Long,2002,549,12,OpenDengue
Vĩnh Long,2003,1310,12,OpenDengue
Vĩnh Long,2004,1080,12,OpenDengue
Vĩnh Long,2005,1194,12,OpenDengue
Vĩnh Long,2006,984,12,OpenDengue
Vĩnh Long,2007,2672,12,OpenDengue
Vĩnh Long,2008,1301,12,OpenDengue
Vĩnh Long,2009,1863,12,OpenDengue
Vĩnh Long,2010,452,12,OpenDengue
Vĩnh Long,2011,1064,12,GDPM
Vĩnh Long,2012,1549,12,GDPM
Vĩnh Long,2013,674,12,GDPM
Vĩnh Long,2014,410,12,GDPM
Vĩnh Long,2015,600,12,GDPM
Vĩnh Long,2016,990,12,GDPM
Vĩnh Long,2017,1610,12,GDPM
Vĩnh Phúc,1994,86,10,OpenDengue
Vĩnh Phúc,1995,20,12,OpenDengue
Vĩnh Phúc,1996,4,12,OpenDengue
Vĩnh Phúc,1997,13,12,OpenDengue
Vĩnh Phúc,1998,235,12,OpenDengue
Vĩnh Phúc,1999,0,12,OpenDengue
Vĩnh Phúc,2000,12,12,OpenDengue
Vĩnh Phúc,2001,9,12,OpenDengue
Vĩnh Phúc,2002,0,12,OpenDengue
Vĩnh Phúc,2003,47,12,OpenDengue
Vĩnh Phúc,2004,22,12,OpenDengue
Vĩnh Phúc,2005,19,12,OpenDengue
Vĩnh Phúc,2006,22,12,OpenDengue
Vĩnh Phúc,2007,18,12,OpenDengue
Vĩnh Phúc,2008,8,12,OpenDengue
Vĩnh Phúc,2009,55,12,OpenDengue
Vĩnh Phúc,2010,0,12,OpenDengue
Vĩnh Phúc,2011,54,12,GDPM
Vĩnh Phúc,2012,3,12,GDPM
Vĩnh Phúc,2013,38,12,GDPM
Vĩnh Phúc,2014,31,12,GDPM
Vĩnh Phúc,2015,87,12,GDPM
Vĩnh Phúc,2016,27,12,GDPM
Vĩnh Phúc,2017,712,12,GDPM
Yên Bái,1994,0,10,OpenDengue
Yên Bái,1995,0,12,OpenDengue
Yên Bái,1996,0,12,OpenDengue
Yên Bái,1997,0,11,OpenDengue
Yên Bái,1998,1,12,OpenDengue
Yên Bái,1999,0,12,OpenDengue
Yên Bái,2000,0,12,OpenDengue
Yên Bái,2001,0,12,OpenDengue
Yên Bái,2002,0,12,OpenDengue
Yên Bái,2003,0,12,OpenDengue
Yên Bái,2004,0,12,OpenDengue
Yên Bái,2005,0,12,OpenDengue
Yên Bái,2006,1,12,OpenDengue
Yên Bái,2007,1,12,OpenDengue
Yên Bái,2008,0,12,OpenDengue
Yên Bái,2009,0,12,OpenDengue
Yên Bái,2010,0,12,OpenDengue
Yên Bái,2011,5,12,GDPM
Yên Bái,2012,0,12,GDPM
Yên Bái,2013,1,12,GDPM
Yên Bái,2014,1,12,GDPM
Yên Bái,2015,8,12,GDPM
Yên Bái,2016,10,12,GDPM
Yên Bái,2017,283,12,GDPM
Điện Biên,2004,0,12,OpenDengue
Điện Biên,2005,5,12,OpenDengue
Điện Biên,2006,0,12,OpenDengue
Điện Biên,2007,0,12,OpenDengue
Điện Biên,2008,0,12,OpenDengue
Điện Biên,2009,0,12,OpenDengue
Điện Biên,2010,0,12,OpenDengue
Điện Biên,2011,0,12,GDPM
Điện Biên,2012,0,12,GDPM
Điện Biên,2013,1,12,GDPM
Điện Biên,2014,0,12,GDPM
Điện Biên,2015,0,12,GDPM
Điện Biên,2016,0,12,GDPM
Điện Biên,2017,155,12,GDPM
Đà Nẵng,1997,2095,12,OpenDengue
Đà Nẵng,1998,3986,12,OpenDengue
Đà Nẵng,1999,220,12,OpenDengue
Đà Nẵng,2000,5,12,OpenDengue
Đà Nẵng,2001,141,12,OpenDengue
Đà Nẵng,2002,667,12,OpenDengue
Đà Nẵng,2003,976,12,OpenDengue
Đà Nẵng,2004,625,12,OpenDengue
Đà Nẵng,2005,68,12,OpenDengue
Đà Nẵng,2006,558,12,OpenDengue
Đà Nẵng,2007,668,12,OpenDengue
Đà Nẵng,2008,647,12,OpenDengue
Đà Nẵng,2009,1662,12,OpenDengue
Đà Nẵng,2010,4464,12,OpenDengue
Đà Nẵng,2011,147,12,GDPM
Đà Nẵng,2012,1310,12,GDPM
Đà Nẵng,2013,2083,12,GDPM
Đà Nẵng,2014,291,12,GDPM
Đà Nẵng,2015,2474,12,GDPM
Đà Nẵng,2016,5221,12,GDPM
Đà Nẵng,2017,7136,12,GDPM
Đắk Lắk,1994,249,10,OpenDengue
Đắk Lắk,1995,2060,12,OpenDengue
Đắk Lắk,1996,1169,12,OpenDengue
Đắk Lắk,1997,1011,12,OpenDengue
Đắk Lắk,1998,9377,12,OpenDengue
Đắk Lắk,1999,489,12,OpenDengue
Đắk Lắk,2000,256,12,OpenDengue
Đắk Lắk,2001,578,12,OpenDengue
Đắk Lắk,2002,714,12,OpenDengue
Đắk Lắk,2003,665,12,OpenDengue
Đắk Lắk,2004,2483,12,OpenDengue
Đắk Lắk,2005,297,12,OpenDengue
Đắk Lắk,2006,128,12,OpenDengue
Đắk Lắk,2007,156,12,OpenDengue
Đắk Lắk,2008,417,12,OpenDengue
Đắk Lắk,2009,771,12,OpenDengue
Đắk Lắk,2010,6443,12,OpenDengue
Đắk Lắk,2011,225,12,GDPM
Đắk Lắk,2012,900,12,GDPM
Đắk Lắk,2013,4940,12,GDPM
Đắk Lắk,2014,366,12,GDPM
Đắk Lắk,2015,3010,12,GDPM
Đắk Lắk,2016,13234,12,GDPM
Đắk Lắk,2017,2222,12,GDPM
Đắk Nông,2004,1419,12,OpenDengue
Đắk Nông,2005,67,12,OpenDengue
Đắk Nông,2006,116,12,OpenDengue
Đắk Nông,2007,203,12,OpenDengue
Đắk Nông,2008,87,12,OpenDengue
Đắk Nông,2009,259,12,OpenDengue
Đắk Nông,2010,2216,12,OpenDengue
Đắk Nông,2011,139,12,GDPM
Đắk Nông,2012,306,12,GDPM
Đắk Nông,2013,618,12,GDPM
Đắk Nông,2014,133,12,GDPM
Đắk Nông,2015,491,12,GDPM
Đắk Nông,2016,2573,12,GDPM
Đắk Nông,2017,556,12,GDPM
Đồng Nai,1994,1450,11,OpenDengue
Đồng Nai,1995,5965,12,OpenDengue
Đồng Nai,1996,3840,12,OpenDengue
Đồng Nai,1997,3685,12,OpenDengue
Đồng Nai,1998,10753,12,OpenDengue
Đồng Nai,1999,726,12,OpenDengue
Đồng Nai,2000,294,12,OpenDengue
Đồng Nai,2001,1120,12,OpenDengue
Đồng Nai,2002,3235,12,OpenDengue
Đồng Nai,2003,1806,12,OpenDengue
Đồng Nai,2004,1790,12,OpenDengue
Đồng Nai,2005,1977,12,OpenDengue
Đồng Nai,2006,4025,12,OpenDengue
Đồng Nai,2007,4893,12,OpenDengue
Đồng Nai,2008,7173,12,OpenDengue
Đồng Nai,2009,4320,12,OpenDengue
Đồng Nai,2010,6827,12,OpenDengue
Đồng Nai,2011,5111,12,GDPM
Đồng Nai,2012,6107,12,GDPM
Đồng Nai,2013,4018,12,GDPM
Đồng Nai,2014,3259,12,GDPM
Đồng Nai,2015,7637,12,GDPM
Đồng Nai,2016,3180,12,GDPM
Đồng Nai,2017,5805,12,GDPM
Đồng Tháp,1994,1468,11,OpenDengue
Đồng Tháp,1995,2104,12,OpenDengue
Đồng Tháp,1996,2195,12,OpenDengue
Đồng Tháp,1997,3894,12,OpenDengue
Đồng Tháp,1998,6827,12,OpenDengue
Đồng Tháp,1999,2409,12,OpenDengue
Đồng Tháp,2000,1477,12,OpenDengue
Đồng Tháp,2001,4332,12,OpenDengue
Đồng Tháp,2002,1368,12,OpenDengue
Đồng Tháp,2003,3398,12,OpenDengue
Đồng Tháp,2004,4509,12,OpenDengue
Đồng Tháp,2005,7549,12,OpenDengue
Đồng Tháp,2006,7503,12,OpenDengue
Đồng Tháp,2007,13012,12,OpenDengue
Đồng Tháp,2008,2216,12,OpenDengue
Đồng Tháp,2009,4026,12,OpenDengue
Đồng Tháp,2010,4430,12,OpenDengue
Đồng Tháp,2011,2996,12,GDPM
Đồng Tháp,2012,4984,12,GDPM
Đồng Tháp,2013,1219,12,GDPM
Đồng Tháp,2014,838,12,GDPM
Đồng Tháp,2015,3091,12,GDPM
Đồng Tháp,2016,3524,12,GDPM
Đồng Tháp,2017,3266,12,GDPM
