adm_1_name,year,dengue_total,n_months,province_original,province_clean
AN GIANG,1994,2376,11,AN GIANG,AN GIANG
AN GIANG,1995,2290,12,AN GIANG,AN GIANG
AN GIANG,1996,2315,12,AN GIANG,AN GIANG
AN GIANG,1997,5876,12,AN GIANG,AN GIANG
AN GIANG,1998,9648,12,AN GIANG,AN GIANG
AN GIANG,1999,2716,12,AN GIANG,AN GIANG
AN GIANG,2000,3240,12,AN GIANG,AN GIANG
AN GIANG,2001,4027,12,AN GIANG,AN GIANG
AN GIANG,2002,1752,12,AN GIANG,AN GIANG
AN GIANG,2003,1818,12,AN GIANG,AN GIANG
AN GIANG,2004,5283,12,AN GIANG,AN GIANG
AN GIANG,2005,2847,12,AN GIANG,AN GIANG
AN GIANG,2006,2775,12,AN GIANG,AN GIANG
AN GIANG,2007,8833,12,AN GIANG,AN GIANG
AN GIANG,2008,2116,12,AN GIANG,AN GIANG
AN GIANG,2009,4150,12,AN GIANG,AN GIANG
AN GIANG,2010,5518,12,AN GIANG,AN GIANG
BA RIA-VUNG TAU,1995,4102,11,BA RIA-VUNG TAU,BA RIA-VUNG TAU
BA RIA-VUNG TAU,1996,1370,12,BA RIA-VUNG TAU,BA RIA-VUNG TAU
BA RIA-VUNG TAU,1997,584,12,BA RIA-VUNG TAU,BA RIA-VUNG TAU
BA RIA-VUNG TAU,1998,2270,12,BA RIA-VUNG TAU,BA RIA-VUNG TAU
BA RIA-VUNG TAU,1999,163,12,BA RIA-VUNG TAU,BA RIA-VUNG TAU
BA RIA-VUNG TAU,2000,509,12,BA RIA-VUNG TAU,BA RIA-VUNG TAU
BA RIA-VUNG TAU,2001,1678,12,BA RIA-VUNG TAU,BA RIA-VUNG TAU
BA RIA-VUNG TAU,2002,680,12,BA RIA-VUNG TAU,BA RIA-VUNG TAU
BA RIA-VUNG TAU,2003,751,12,BA RIA-VUNG TAU,BA RIA-VUNG TAU
BA RIA-VUNG TAU,2004,911,12,BA RIA-VUNG TAU,BA RIA-VUNG TAU
BA RIA-VUNG TAU,2005,341,12,BA RIA-VUNG TAU,BA RIA-VUNG TAU
BA RIA-VUNG TAU,2006,1736,12,BA RIA-VUNG TAU,BA RIA-VUNG TAU
BA RIA-VUNG TAU,2007,1318,12,BA RIA-VUNG TAU,BA RIA-VUNG TAU
BA RIA-VUNG TAU,2008,2694,12,BA RIA-VUNG TAU,BA RIA-VUNG TAU
BA RIA-VUNG TAU,2009,3158,12,BA RIA-VUNG TAU,BA RIA-VUNG TAU
BA RIA-VUNG TAU,2010,758,12,BA RIA-VUNG TAU,BA RIA-VUNG TAU
BAC GIANG,1994,31,11,BAC GIANG,BAC GIANG
BAC GIANG,1995,145,12,BAC GIANG,BAC GIANG
BAC GIANG,1996,6,12,BAC GIANG,BAC GIANG
BAC GIANG,1997,5,12,BAC GIANG,BAC GIANG
BAC GIANG,1998,112,12,BAC GIANG,BAC GIANG
BAC GIANG,1999,19,12,BAC GIANG,BAC GIANG
BAC GIANG,2000,7,12,BAC GIANG,BAC GIANG
BAC GIANG,2001,21,12,BAC GIANG,BAC GIANG
BAC GIANG,2002,21,12,BAC GIANG,BAC GIANG
BAC GIANG,2003,1,12,BAC GIANG,BAC GIANG
BAC GIANG,2004,1,12,BAC GIANG,BAC GIANG
BAC GIANG,2005,0,12,BAC GIANG,BAC GIANG
BAC GIANG,2006,0,12,BAC GIANG,BAC GIANG
BAC GIANG,2007,0,12,BAC GIANG,BAC GIANG
BAC GIANG,2008,0,12,BAC GIANG,BAC GIANG
BAC GIANG,2009,425,12,BAC GIANG,BAC GIANG
BAC GIANG,2010,725,12,BAC GIANG,BAC GIANG
BAC KAN,1997,2,12,BAC KAN,BAC KAN
BAC KAN,1998,2,12,BAC KAN,BAC KAN
BAC KAN,1999,0,12,BAC KAN,BAC KAN
BAC KAN,2000,0,12,BAC KAN,BAC KAN
BAC KAN,2001,0,12,BAC KAN,BAC KAN
BAC KAN,2002,0,12,BAC KAN,BAC KAN
BAC KAN,2003,0,12,BAC KAN,BAC KAN
BAC KAN,2004,1,12,BAC KAN,BAC KAN
BAC KAN,2005,0,12,BAC KAN,BAC KAN
BAC KAN,2006,0,12,BAC KAN,BAC KAN
BAC KAN,2007,0,12,BAC KAN,BAC KAN
BAC KAN,2008,0,12,BAC KAN,BAC KAN
BAC KAN,2009,2,12,BAC KAN,BAC KAN
BAC KAN,2010,0,12,BAC KAN,BAC KAN
BAC LIEU,1997,2348,12,BAC LIEU,BAC LIEU
BAC LIEU,1998,2034,12,BAC LIEU,BAC LIEU
BAC LIEU,1999,349,12,BAC LIEU,BAC LIEU
BAC LIEU,2000,92,12,BAC LIEU,BAC LIEU
BAC LIEU,2001,353,12,BAC LIEU,BAC LIEU
BAC LIEU,2002,365,12,BAC LIEU,BAC LIEU
BAC LIEU,2003,1515,12,BAC LIEU,BAC LIEU
BAC LIEU,2004,2762,12,BAC LIEU,BAC LIEU
BAC LIEU,2005,1653,12,BAC LIEU,BAC LIEU
BAC LIEU,2006,3228,12,BAC LIEU,BAC LIEU
BAC LIEU,2007,1398,12,BAC LIEU,BAC LIEU
BAC LIEU,2008,4050,12,BAC LIEU,BAC LIEU
BAC LIEU,2009,1033,12,BAC LIEU,BAC LIEU
BAC LIEU,2010,1716,12,BAC LIEU,BAC LIEU
BAC NINH,1997,1,12,BAC NINH,BAC NINH
BAC NINH,1998,169,12,BAC NINH,BAC NINH
BAC NINH,1999,9,12,BAC NINH,BAC NINH
BAC NINH,2000,1,12,BAC NINH,BAC NINH
BAC NINH,2001,5,12,BAC NINH,BAC NINH
BAC NINH,2002,6,12,BAC NINH,BAC NINH
BAC NINH,2003,8,12,BAC NINH,BAC NINH
BAC NINH,2004,2,12,BAC NINH,BAC NINH
BAC NINH,2005,3,12,BAC NINH,BAC NINH
BAC NINH,2006,6,12,BAC NINH,BAC NINH
BAC NINH,2007,95,12,BAC NINH,BAC NINH
BAC NINH,2008,0,12,BAC NINH,BAC NINH
BAC NINH,2009,181,12,BAC NINH,BAC NINH
BAC NINH,2010,933,12,BAC NINH,BAC NINH
BEN TRE,1994,2010,9,BEN TRE,BEN TRE
BEN TRE,1995,7738,12,BEN TRE,BEN TRE
BEN TRE,1996,3448,12,BEN TRE,BEN TRE
BEN TRE,1997,5080,12,BEN TRE,BEN TRE
BEN TRE,1998,24562,12,BEN TRE,BEN TRE
BEN TRE,1999,1375,12,BEN TRE,BEN TRE
BEN TRE,2000,1285,12,BEN TRE,BEN TRE
BEN TRE,2001,3663,12,BEN TRE,BEN TRE
BEN TRE,2002,2959,12,BEN TRE,BEN TRE
BEN TRE,2003,2259,12,BEN TRE,BEN TRE
BEN TRE,2004,5768,12,BEN TRE,BEN TRE
BEN TRE,2005,3347,12,BEN TRE,BEN TRE
BEN TRE,2006,2644,12,BEN TRE,BEN TRE
BEN TRE,2007,6450,12,BEN TRE,BEN TRE
BEN TRE,2008,4680,12,BEN TRE,BEN TRE
BEN TRE,2009,4760,12,BEN TRE,BEN TRE
BEN TRE,2010,504,12,BEN TRE,BEN TRE
BINH DINH,1994,528,10,BINH DINH,BINH DINH
BINH DINH,1995,1935,12,BINH DINH,BINH DINH
BINH DINH,1996,2038,12,BINH DINH,BINH DINH
BINH DINH,1997,1572,12,BINH DINH,BINH DINH
BINH DINH,1998,5256,12,BINH DINH,BINH DINH
BINH DINH,1999,733,12,BINH DINH,BINH DINH
BINH DINH,2000,197,12,BINH DINH,BINH DINH
BINH DINH,2001,167,12,BINH DINH,BINH DINH
BINH DINH,2002,352,12,BINH DINH,BINH DINH
BINH DINH,2003,327,12,BINH DINH,BINH DINH
BINH DINH,2004,583,12,BINH DINH,BINH DINH
BINH DINH,2005,271,12,BINH DINH,BINH DINH
BINH DINH,2006,263,12,BINH DINH,BINH DINH
BINH DINH,2007,1155,12,BINH DINH,BINH DINH
BINH DINH,2008,618,12,BINH DINH,BINH DINH
BINH DINH,2009,1130,12,BINH DINH,BINH DINH
BINH DINH,2010,3934,12,BINH DINH,BINH DINH
BINH DUONG,1994,2201,11,BINH DUONG,BINH DUONG
BINH DUONG,1995,4463,12,BINH DUONG,BINH DUONG
BINH DUONG,1996,2538,12,BINH DUONG,BINH DUONG
BINH DUONG,1997,1652,12,BINH DUONG,BINH DUONG
BINH DUONG,1998,3551,12,BINH DUONG,BINH DUONG
BINH DUONG,1999,942,12,BINH DUONG,BINH DUONG
BINH DUONG,2000,632,12,BINH DUONG,BINH DUONG
BINH DUONG,2001,338,12,BINH DUONG,BINH DUONG
BINH DUONG,2002,1284,12,BINH DUONG,BINH DUONG
BINH DUONG,2003,1251,12,BINH DUONG,BINH DUONG
BINH DUONG,2004,659,12,BINH DUONG,BINH DUONG
BINH DUONG,2005,727,12,BINH DUONG,BINH DUONG
BINH DUONG,2006,1535,12,BINH DUONG,BINH DUONG
BINH DUONG,2007,1715,12,BINH DUONG,BINH DUONG
BINH DUONG,2008,5242,12,BINH DUONG,BINH DUONG
BINH DUONG,2009,2099,12,BINH DUONG,BINH DUONG
BINH DUONG,2010,3083,12,BINH DUONG,BINH DUONG
BINH PHUOC,1997,2858,12,BINH PHUOC,BINH PHUOC
BINH PHUOC,1998,5230,12,BINH PHUOC,BINH PHUOC
BINH PHUOC,1999,682,12,BINH PHUOC,BINH PHUOC
BINH PHUOC,2000,834,12,BINH PHUOC,BINH PHUOC
BINH PHUOC,2001,561,12,BINH PHUOC,BINH PHUOC
BINH PHUOC,2002,1647,12,BINH PHUOC,BINH PHUOC
BINH PHUOC,2003,1482,12,BINH PHUOC,BINH PHUOC
BINH PHUOC,2004,1268,12,BINH PHUOC,BINH PHUOC
BINH PHUOC,2005,550,12,BINH PHUOC,BINH PHUOC
BINH PHUOC,2006,1806,12,BINH PHUOC,BINH PHUOC
BINH PHUOC,2007,1049,12,BINH PHUOC,BINH PHUOC
BINH PHUOC,2008,3976,12,BINH PHUOC,BINH PHUOC
BINH PHUOC,2009,2097,12,BINH PHUOC,BINH PHUOC
BINH PHUOC,2010,1019,12,BINH PHUOC,BINH PHUOC
BINH THUAN,1994,7103,9,BINH THUAN,BINH THUAN
BINH THUAN,1995,7393,12,BINH THUAN,BINH THUAN
BINH THUAN,1996,13560,11,BINH THUAN,BINH THUAN
BINH THUAN,1997,6826,12,BINH THUAN,BINH THUAN
BINH THUAN,1998,9877,12,BINH THUAN,BINH THUAN
BINH THUAN,1999,3419,12,BINH THUAN,BINH THUAN
BINH THUAN,2000,2166,12,BINH THUAN,BINH THUAN
BINH THUAN,2001,3590,12,BINH THUAN,BINH THUAN
BINH THUAN,2002,926,12,BINH THUAN,BINH THUAN
BINH THUAN,2003,523,12,BINH THUAN,BINH THUAN
BINH THUAN,2004,1655,12,BINH THUAN,BINH THUAN
BINH THUAN,2005,2602,12,BINH THUAN,BINH THUAN
BINH THUAN,2006,434,12,BINH THUAN,BINH THUAN
BINH THUAN,2007,3349,12,BINH THUAN,BINH THUAN
BINH THUAN,2008,1456,12,BINH THUAN,BINH THUAN
BINH THUAN,2009,1110,12,BINH THUAN,BINH THUAN
BINH THUAN,2010,2217,12,BINH THUAN,BINH THUAN
CA MAU,1994,5068,11,CA MAU,CA MAU
CA MAU,1995,6808,12,CA MAU,CA MAU
CA MAU,1996,6612,11,CA MAU,CA MAU
CA MAU,1997,8446,12,CA MAU,CA MAU
CA MAU,1998,3312,12,CA MAU,CA MAU
CA MAU,1999,1674,12,CA MAU,CA MAU
CA MAU,2000,1022,12,CA MAU,CA MAU
CA MAU,2001,749,12,CA MAU,CA MAU
CA MAU,2002,245,12,CA MAU,CA MAU
CA MAU,2003,950,12,CA MAU,CA MAU
CA MAU,2004,4222,12,CA MAU,CA MAU
CA MAU,2005,1393,12,CA MAU,CA MAU
CA MAU,2006,2725,12,CA MAU,CA MAU
CA MAU,2007,1578,12,CA MAU,CA MAU
CA MAU,2008,8284,12,CA MAU,CA MAU
CA MAU,2009,924,12,CA MAU,CA MAU
CA MAU,2010,14012,12,CA MAU,CA MAU
CAN THO CITY,1994,1030,11,CAN THO CITY,CAN THO
CAN THO CITY,1995,604,12,CAN THO CITY,CAN THO
CAN THO CITY,1996,1498,12,CAN THO CITY,CAN THO
CAN THO CITY,1997,5945,12,CAN THO CITY,CAN THO
CAN THO CITY,1998,3491,12,CAN THO CITY,CAN THO
CAN THO CITY,1999,1847,12,CAN THO CITY,CAN THO
CAN THO CITY,2000,600,12,CAN THO CITY,CAN THO
CAN THO CITY,2001,555,12,CAN THO CITY,CAN THO
CAN THO CITY,2002,282,12,CAN THO CITY,CAN THO
CAN THO CITY,2003,1375,12,CAN THO CITY,CAN THO
CAN THO CITY,2004,2477,12,CAN THO CITY,CAN THO
CAN THO CITY,2005,1642,12,CAN THO CITY,CAN THO
CAN THO CITY,2006,1464,12,CAN THO CITY,CAN THO
CAN THO CITY,2007,1611,12,CAN THO CITY,CAN THO
CAN THO CITY,2008,1263,12,CAN THO CITY,CAN THO
CAN THO CITY,2009,1357,12,CAN THO CITY,CAN THO
CAN THO CITY,2010,1819,12,CAN THO CITY,CAN THO
CAO BANG,1994,0,8,CAO BANG,CAO BANG
CAO BANG,1995,3,12,CAO BANG,CAO BANG
CAO BANG,1996,0,12,CAO BANG,CAO BANG
CAO BANG,1997,0,12,CAO BANG,CAO BANG
CAO BANG,1998,6,12,CAO BANG,CAO BANG
CAO BANG,1999,26,12,CAO BANG,CAO BANG
CAO BANG,2000,0,12,CAO BANG,CAO BANG
CAO BANG,2001,0,12,CAO BANG,CAO BANG
CAO BANG,2002,4,12,CAO BANG,CAO BANG
CAO BANG,2003,0,12,CAO BANG,CAO BANG
CAO BANG,2004,0,12,CAO BANG,CAO BANG
CAO BANG,2005,0,12,CAO BANG,CAO BANG
CAO BANG,2006,0,12,CAO BANG,CAO BANG
CAO BANG,2007,0,12,CAO BANG,CAO BANG
CAO BANG,2008,0,12,CAO BANG,CAO BANG
CAO BANG,2009,0,12,CAO BANG,CAO BANG
CAO BANG,2010,0,12,CAO BANG,CAO BANG
DA NANG CITY,1997,2095,12,DA NANG CITY,DA NANG
DA NANG CITY,1998,3986,12,DA NANG CITY,DA NANG
DA NANG CITY,1999,220,12,DA NANG CITY,DA NANG
DA NANG CITY,2000,5,12,DA NANG CITY,DA NANG
DA NANG CITY,2001,141,12,DA NANG CITY,DA NANG
DA NANG CITY,2002,667,12,DA NANG CITY,DA NANG
DA NANG CITY,2003,976,12,DA NANG CITY,DA NANG
DA NANG CITY,2004,625,12,DA NANG CITY,DA NANG
DA NANG CITY,2005,68,12,DA NANG CITY,DA NANG
DA NANG CITY,2006,558,12,DA NANG CITY,DA NANG
DA NANG CITY,2007,668,12,DA NANG CITY,DA NANG
DA NANG CITY,2008,647,12,DA NANG CITY,DA NANG
DA NANG CITY,2009,1662,12,DA NANG CITY,DA NANG
DA NANG CITY,2010,4464,12,DA NANG CITY,DA NANG
DAK LAK,1994,249,10,DAK LAK,DAK LAK
DAK LAK,1995,2060,12,DAK LAK,DAK LAK
DAK LAK,1996,1169,12,DAK LAK,DAK LAK
DAK LAK,1997,1011,12,DAK LAK,DAK LAK
DAK LAK,1998,9377,12,DAK LAK,DAK LAK
DAK LAK,1999,489,12,DAK LAK,DAK LAK
DAK LAK,2000,256,12,DAK LAK,DAK LAK
DAK LAK,2001,578,12,DAK LAK,DAK LAK
DAK LAK,2002,714,12,DAK LAK,DAK LAK
DAK LAK,2003,665,12,DAK LAK,DAK LAK
DAK LAK,2004,2483,12,DAK LAK,DAK LAK
DAK LAK,2005,297,12,DAK LAK,DAK LAK
DAK LAK,2006,128,12,DAK LAK,DAK LAK
DAK LAK,2007,156,12,DAK LAK,DAK LAK
DAK LAK,2008,417,12,DAK LAK,DAK LAK
DAK LAK,2009,771,12,DAK LAK,DAK LAK
DAK LAK,2010,6443,12,DAK LAK,DAK LAK
DAK NONG,2004,1419,12,DAK NONG,DAK NONG
DAK NONG,2005,67,12,DAK NONG,DAK NONG
DAK NONG,2006,116,12,DAK NONG,DAK NONG
DAK NONG,2007,203,12,DAK NONG,DAK NONG
DAK NONG,2008,87,12,DAK NONG,DAK NONG
DAK NONG,2009,259,12,DAK NONG,DAK NONG
DAK NONG,2010,2216,12,DAK NONG,DAK NONG
DIEN BIEN,2004,0,12,DIEN BIEN,DIEN BIEN
DIEN BIEN,2005,5,12,DIEN BIEN,DIEN BIEN
DIEN BIEN,2006,0,12,DIEN BIEN,DIEN BIEN
DIEN BIEN,2007,0,12,DIEN BIEN,DIEN BIEN
DIEN BIEN,2008,0,12,DIEN BIEN,DIEN BIEN
DIEN BIEN,2009,0,12,DIEN BIEN,DIEN BIEN
DIEN BIEN,2010,0,12,DIEN BIEN,DIEN BIEN
DONG NAI,1994,1450,11,DONG NAI,DONG NAI
DONG NAI,1995,5965,12,DONG NAI,DONG NAI
DONG NAI,1996,3840,12,DONG NAI,DONG NAI
DONG NAI,1997,3685,12,DONG NAI,DONG NAI
DONG NAI,1998,10753,12,DONG NAI,DONG NAI
DONG NAI,1999,726,12,DONG NAI,DONG NAI
DONG NAI,2000,294,12,DONG NAI,DONG NAI
DONG NAI,2001,1120,12,DONG NAI,DONG NAI
DONG NAI,2002,3235,12,DONG NAI,DONG NAI
DONG NAI,2003,1806,12,DONG NAI,DONG NAI
DONG NAI,2004,1790,12,DONG NAI,DONG NAI
DONG NAI,2005,1977,12,DONG NAI,DONG NAI
DONG NAI,2006,4025,12,DONG NAI,DONG NAI
DONG NAI,2007,4893,12,DONG NAI,DONG NAI
DONG NAI,2008,7173,12,DONG NAI,DONG NAI
DONG NAI,2009,4320,12,DONG NAI,DONG NAI
DONG NAI,2010,6827,12,DONG NAI,DONG NAI
DONG THAP,1994,1468,11,DONG THAP,DONG THAP
DONG THAP,1995,2104,12,DONG THAP,DONG THAP
DONG THAP,1996,2195,12,DONG THAP,DONG THAP
DONG THAP,1997,3894,12,DONG THAP,DONG THAP
DONG THAP,1998,6827,12,DONG THAP,DONG THAP
DONG THAP,1999,2409,12,DONG THAP,DONG THAP
DONG THAP,2000,1477,12,DONG THAP,DONG THAP
DONG THAP,2001,4332,12,DONG THAP,DONG THAP
DONG THAP,2002,1368,12,DONG THAP,DONG THAP
DONG THAP,2003,3398,12,DONG THAP,DONG THAP
DONG THAP,2004,4509,12,DONG THAP,DONG THAP
DONG THAP,2005,7549,12,DONG THAP,DONG THAP
DONG THAP,2006,7503,12,DONG THAP,DONG THAP
DONG THAP,2007,13012,12,DONG THAP,DONG THAP
DONG THAP,2008,2216,12,DONG THAP,DONG THAP
DONG THAP,2009,4026,12,DONG THAP,DONG THAP
DONG THAP,2010,4430,12,DONG THAP,DONG THAP
GIA LAI,1994,69,10,GIA LAI,GIA LAI
GIA LAI,1995,121,12,GIA LAI,GIA LAI
GIA LAI,1996,92,12,GIA LAI,GIA LAI
GIA LAI,1997,675,12,GIA LAI,GIA LAI
GIA LAI,1998,3254,12,GIA LAI,GIA LAI
GIA LAI,1999,235,12,GIA LAI,GIA LAI
GIA LAI,2000,220,12,GIA LAI,GIA LAI
GIA LAI,2001,523,12,GIA LAI,GIA LAI
GIA LAI,2002,926,12,GIA LAI,GIA LAI
GIA LAI,2003,175,12,GIA LAI,GIA LAI
GIA LAI,2004,191,12,GIA LAI,GIA LAI
GIA LAI,2005,180,12,GIA LAI,GIA LAI
GIA LAI,2006,542,12,GIA LAI,GIA LAI
GIA LAI,2007,662,12,GIA LAI,GIA LAI
GIA LAI,2008,466,12,GIA LAI,GIA LAI
GIA LAI,2009,337,12,GIA LAI,GIA LAI
GIA LAI,2010,3565,12,GIA LAI,GIA LAI
HA GIANG,1994,0,10,HA GIANG,HA GIANG
HA GIANG,1995,0,12,HA GIANG,HA GIANG
HA GIANG,1996,0,12,HA GIANG,HA GIANG
HA GIANG,1997,0,12,HA GIANG,HA GIANG
HA GIANG,1998,0,12,HA GIANG,HA GIANG
HA GIANG,1999,0,12,HA GIANG,HA GIANG
HA GIANG,2000,15,12,HA GIANG,HA GIANG
HA GIANG,2001,0,12,HA GIANG,HA GIANG
HA GIANG,2002,0,12,HA GIANG,HA GIANG
HA GIANG,2003,0,12,HA GIANG,HA GIANG
HA GIANG,2004,2,12,HA GIANG,HA GIANG
HA GIANG,2005,0,12,HA GIANG,HA GIANG
HA GIANG,2006,0,12,HA GIANG,HA GIANG
HA GIANG,2007,0,12,HA GIANG,HA GIANG
HA GIANG,2008,0,12,HA GIANG,HA GIANG
HA GIANG,2009,0,12,HA GIANG,HA GIANG
HA GIANG,2010,0,12,HA GIANG,HA GIANG
HA NAM,1997,3,12,HA NAM,HA NAM
HA NAM,1998,44,12,HA NAM,HA NAM
HA NAM,1999,6,12,HA NAM,HA NAM
HA NAM,2000,121,12,HA NAM,HA NAM
HA NAM,2001,0,12,HA NAM,HA NAM
HA NAM,2002,4,12,HA NAM,HA NAM
HA NAM,2003,9,12,HA NAM,HA NAM
HA NAM,2004,10,12,HA NAM,HA NAM
HA NAM,2005,19,12,HA NAM,HA NAM
HA NAM,2006,7,12,HA NAM,HA NAM
HA NAM,2007,3,12,HA NAM,HA NAM
HA NAM,2008,4,12,HA NAM,HA NAM
HA NAM,2009,0,12,HA NAM,HA NAM
HA NAM,2010,15,12,HA NAM,HA NAM
HA NOI CITY,1994,1187,21,HA NOI CITY,HA NOI
HA NOI CITY,1995,98,24,HA NOI CITY,HA NOI
HA NOI CITY,1996,198,24,HA NOI CITY,HA NOI
HA NOI CITY,1997,140,24,HA NOI CITY,HA NOI
HA NOI CITY,1998,5754,24,HA NOI CITY,HA NOI
HA NOI CITY,1999,708,24,HA NOI CITY,HA NOI
HA NOI CITY,2000,108,24,HA NOI CITY,HA NOI
HA NOI CITY,2001,140,24,HA NOI CITY,HA NOI
HA NOI CITY,2002,99,24,HA NOI CITY,HA NOI
HA NOI CITY,2003,581,24,HA NOI CITY,HA NOI
HA NOI CITY,2004,604,24,HA NOI CITY,HA NOI
HA NOI CITY,2005,790,24,HA NOI CITY,HA NOI
HA NOI CITY,2006,2654,24,HA NOI CITY,HA NOI
HA NOI CITY,2007,1804,24,HA NOI CITY,HA NOI
HA NOI CITY,2008,2353,12,HA NOI CITY,HA NOI
HA NOI CITY,2009,16175,12,HA NOI CITY,HA NOI
HA NOI CITY,2010,3152,12,HA NOI CITY,HA NOI
HA TINH,1994,122,11,HA TINH,HA TINH
HA TINH,1995,272,12,HA TINH,HA TINH
HA TINH,1996,1,12,HA TINH,HA TINH
HA TINH,1997,883,12,HA TINH,HA TINH
HA TINH,1998,10530,12,HA TINH,HA TINH
HA TINH,1999,390,12,HA TINH,HA TINH
HA TINH,2000,35,12,HA TINH,HA TINH
HA TINH,2001,6,12,HA TINH,HA TINH
HA TINH,2002,103,12,HA TINH,HA TINH
HA TINH,2003,367,12,HA TINH,HA TINH
HA TINH,2004,27,12,HA TINH,HA TINH
HA TINH,2005,203,12,HA TINH,HA TINH
HA TINH,2006,404,12,HA TINH,HA TINH
HA TINH,2007,108,12,HA TINH,HA TINH
HA TINH,2008,151,12,HA TINH,HA TINH
HA TINH,2009,113,12,HA TINH,HA TINH
HA TINH,2010,5,12,HA TINH,HA TINH
HAI DUONG,1994,0,11,HAI DUONG,HAI DUONG
HAI DUONG,1995,1,12,HAI DUONG,HAI DUONG
HAI DUONG,1996,0,12,HAI DUONG,HAI DUONG
HAI DUONG,1997,1,12,HAI DUONG,HAI DUONG
HAI DUONG,1998,5,12,HAI DUONG,HAI DUONG
HAI DUONG,1999,0,12,HAI DUONG,HAI DUONG
HAI DUONG,2000,0,12,HAI DUONG,HAI DUONG
HAI DUONG,2001,0,12,HAI DUONG,HAI DUONG
HAI DUONG,2002,2,12,HAI DUONG,HAI DUONG
HAI DUONG,2003,1,12,HAI DUONG,HAI DUONG
HAI DUONG,2004,2,12,HAI DUONG,HAI DUONG
HAI DUONG,2005,2,12,HAI DUONG,HAI DUONG
HAI DUONG,2006,0,12,HAI DUONG,HAI DUONG
HAI DUONG,2007,2,12,HAI DUONG,HAI DUONG
HAI DUONG,2008,1,12,HAI DUONG,HAI DUONG
HAI DUONG,2009,11,12,HAI DUONG,HAI DUONG
HAI DUONG,2010,0,12,HAI DUONG,HAI DUONG
HAI PHONG CITY,1994,155,11,HAI PHONG CITY,HAI PHONG
HAI PHONG CITY,1995,78,12,HAI PHONG CITY,HAI PHONG
HAI PHONG CITY,1996,148,12,HAI PHONG CITY,HAI PHONG
HAI PHONG CITY,1997,85,12,HAI PHONG CITY,HAI PHONG
HAI PHONG CITY,1998,170,12,HAI PHONG CITY,HAI PHONG
HAI PHONG CITY,1999,444,12,HAI PHONG CITY,HAI PHONG
HAI PHONG CITY,2000,207,12,HAI PHONG CITY,HAI PHONG
HAI PHONG CITY,2001,284,12,HAI PHONG CITY,HAI PHONG
HAI PHONG CITY,2002,102,12,HAI PHONG CITY,HAI PHONG
HAI PHONG CITY,2003,165,12,HAI PHONG CITY,HAI PHONG
HAI PHONG CITY,2004,25,12,HAI PHONG CITY,HAI PHONG
HAI PHONG CITY,2005,12,12,HAI PHONG CITY,HAI PHONG
HAI PHONG CITY,2006,12,12,HAI PHONG CITY,HAI PHONG
HAI PHONG CITY,2007,11,12,HAI PHONG CITY,HAI PHONG
HAI PHONG CITY,2008,6,12,HAI PHONG CITY,HAI PHONG
HAI PHONG CITY,2009,272,12,HAI PHONG CITY,HAI PHONG
HAI PHONG CITY,2010,87,12,HAI PHONG CITY,HAI PHONG
HAU GIANG,2004,1238,12,HAU GIANG,HAU GIANG
HAU GIANG,2005,1332,12,HAU GIANG,HAU GIANG
HAU GIANG,2006,833,12,HAU GIANG,HAU GIANG
HAU GIANG,2007,1162,12,HAU GIANG,HAU GIANG
HAU GIANG,2008,825,12,HAU GIANG,HAU GIANG
HAU GIANG,2009,1032,12,HAU GIANG,HAU GIANG
HAU GIANG,2010,1052,12,HAU GIANG,HAU GIANG
HO CHI MINH CITY,1994,1619,11,HO CHI MINH CITY,HO CHI MINH
HO CHI MINH CITY,1995,6463,12,HO CHI MINH CITY,HO CHI MINH
HO CHI MINH CITY,1996,4452,12,HO CHI MINH CITY,HO CHI MINH
HO CHI MINH CITY,1997,6493,12,HO CHI MINH CITY,HO CHI MINH
HO CHI MINH CITY,1998,6973,12,HO CHI MINH CITY,HO CHI MINH
HO CHI MINH CITY,1999,846,12,HO CHI MINH CITY,HO CHI MINH
HO CHI MINH CITY,2000,1946,12,HO CHI MINH CITY,HO CHI MINH
HO CHI MINH CITY,2001,1340,12,HO CHI MINH CITY,HO CHI MINH
HO CHI MINH CITY,2002,1692,12,HO CHI MINH CITY,HO CHI MINH
HO CHI MINH CITY,2003,8626,12,HO CHI MINH CITY,HO CHI MINH
HO CHI MINH CITY,2004,7755,12,HO CHI MINH CITY,HO CHI MINH
HO CHI MINH CITY,2005,6195,12,HO CHI MINH CITY,HO CHI MINH
HO CHI MINH CITY,2006,8746,12,HO CHI MINH CITY,HO CHI MINH
HO CHI MINH CITY,2007,9748,12,HO CHI MINH CITY,HO CHI MINH
HO CHI MINH CITY,2008,18841,12,HO CHI MINH CITY,HO CHI MINH
HO CHI MINH CITY,2009,17022,12,HO CHI MINH CITY,HO CHI MINH
HO CHI MINH CITY,2010,6547,12,HO CHI MINH CITY,HO CHI MINH
HOA BINH,1994,8,10,HOA BINH,HOA BINH
HOA BINH,1995,18,12,HOA BINH,HOA BINH
HOA BINH,1996,11,12,HOA BINH,HOA BINH
HOA BINH,1997,1,12,HOA BINH,HOA BINH
HOA BINH,1998,1,12,HOA BINH,HOA BINH
HOA BINH,1999,3,12,HOA BINH,HOA BINH
HOA BINH,2000,0,12,HOA BINH,HOA BINH
HOA BINH,2001,12,12,HOA BINH,HOA BINH
HOA BINH,2002,0,12,HOA BINH,HOA BINH
HOA BINH,2003,1,12,HOA BINH,HOA BINH
HOA BINH,2004,1,12,HOA BINH,HOA BINH
HOA BINH,2005,0,12,HOA BINH,HOA BINH
HOA BINH,2006,1,12,HOA BINH,HOA BINH
HOA BINH,2007,3,12,HOA BINH,HOA BINH
HOA BINH,2008,2,12,HOA BINH,HOA BINH
HOA BINH,2009,16,12,HOA BINH,HOA BINH
HOA BINH,2010,33,12,HOA BINH,HOA BINH
HUNG YEN,1997,0,11,HUNG YEN,HUNG YEN
HUNG YEN,1998,4,12,HUNG YEN,HUNG YEN
HUNG YEN,1999,1,12,HUNG YEN,HUNG YEN
HUNG YEN,2000,2,12,HUNG YEN,HUNG YEN
HUNG YEN,2001,8,12,HUNG YEN,HUNG YEN
HUNG YEN,2002,0,12,HUNG YEN,HUNG YEN
HUNG YEN,2003,3,12,HUNG YEN,HUNG YEN
HUNG YEN,2004,2,12,HUNG YEN,HUNG YEN
HUNG YEN,2005,11,12,HUNG YEN,HUNG YEN
HUNG YEN,2006,3,12,HUNG YEN,HUNG YEN
HUNG YEN,2007,0,12,HUNG YEN,HUNG YEN
HUNG YEN,2008,2,12,HUNG YEN,HUNG YEN
HUNG YEN,2009,1,12,HUNG YEN,HUNG YEN
HUNG YEN,2010,1,12,HUNG YEN,HUNG YEN
KHANH HOA,1994,1345,10,KHANH HOA,KHANH HOA
KHANH HOA,1995,4980,12,KHANH HOA,KHANH HOA
KHANH HOA,1996,1818,11,KHANH HOA,KHANH HOA
KHANH HOA,1997,3726,12,KHANH HOA,KHANH HOA
KHANH HOA,1998,7558,12,KHANH HOA,KHANH HOA
KHANH HOA,1999,1507,12,KHANH HOA,KHANH HOA
KHANH HOA,2000,754,12,KHANH HOA,KHANH HOA
KHANH HOA,2001,1121,12,KHANH HOA,KHANH HOA
KHANH HOA,2002,1194,12,KHANH HOA,KHANH HOA
KHANH HOA,2003,590,12,KHANH HOA,KHANH HOA
KHANH HOA,2004,1602,12,KHANH HOA,KHANH HOA
KHANH HOA,2005,5362,12,KHANH HOA,KHANH HOA
KHANH HOA,2006,1053,12,KHANH HOA,KHANH HOA
KHANH HOA,2007,3372,12,KHANH HOA,KHANH HOA
KHANH HOA,2008,3011,12,KHANH HOA,KHANH HOA
KHANH HOA,2009,2253,12,KHANH HOA,KHANH HOA
KHANH HOA,2010,6926,12,KHANH HOA,KHANH HOA
KIEN GIANG,1994,1077,11,KIEN GIANG,KIEN GIANG
KIEN GIANG,1995,2948,12,KIEN GIANG,KIEN GIANG
KIEN GIANG,1996,5104,12,KIEN GIANG,KIEN GIANG
KIEN GIANG,1997,7699,12,KIEN GIANG,KIEN GIANG
KIEN GIANG,1998,8843,12,KIEN GIANG,KIEN GIANG
KIEN GIANG,1999,1145,12,KIEN GIANG,KIEN GIANG
KIEN GIANG,2000,595,12,KIEN GIANG,KIEN GIANG
KIEN GIANG,2001,2250,12,KIEN GIANG,KIEN GIANG
KIEN GIANG,2002,1101,12,KIEN GIANG,KIEN GIANG
KIEN GIANG,2003,3120,12,KIEN GIANG,KIEN GIANG
KIEN GIANG,2004,6153,12,KIEN GIANG,KIEN GIANG
KIEN GIANG,2005,2522,12,KIEN GIANG,KIEN GIANG
KIEN GIANG,2006,4142,12,KIEN GIANG,KIEN GIANG
KIEN GIANG,2007,5814,12,KIEN GIANG,KIEN GIANG
KIEN GIANG,2008,2913,12,KIEN GIANG,KIEN GIANG
KIEN GIANG,2009,5395,12,KIEN GIANG,KIEN GIANG
KIEN GIANG,2010,5943,12,KIEN GIANG,KIEN GIANG
KON TUM,1994,0,11,KON TUM,KON TUM
KON TUM,1995,2187,12,KON TUM,KON TUM
KON TUM,1996,0,12,KON TUM,KON TUM
KON TUM,1997,63,12,KON TUM,KON TUM
KON TUM,1998,1660,12,KON TUM,KON TUM
KON TUM,1999,164,12,KON TUM,KON TUM
KON TUM,2000,8,12,KON TUM,KON TUM
KON TUM,2001,153,12,KON TUM,KON TUM
KON TUM,2002,1,12,KON TUM,KON TUM
KON TUM,2003,68,12,KON TUM,KON TUM
KON TUM,2004,76,12,KON TUM,KON TUM
KON TUM,2005,0,12,KON TUM,KON TUM
KON TUM,2006,2,12,KON TUM,KON TUM
KON TUM,2007,392,12,KON TUM,KON TUM
KON TUM,2008,35,12,KON TUM,KON TUM
KON TUM,2009,109,12,KON TUM,KON TUM
KON TUM,2010,1031,12,KON TUM,KON TUM
LAI CHAU,1994,0,11,LAI CHAU,LAI CHAU
LAI CHAU,1995,0,12,LAI CHAU,LAI CHAU
LAI CHAU,1996,0,12,LAI CHAU,LAI CHAU
LAI CHAU,1997,0,12,LAI CHAU,LAI CHAU
LAI CHAU,1998,0,12,LAI CHAU,LAI CHAU
LAI CHAU,1999,0,12,LAI CHAU,LAI CHAU
LAI CHAU,2000,1,12,LAI CHAU,LAI CHAU
LAI CHAU,2001,0,12,LAI CHAU,LAI CHAU
LAI CHAU,2002,0,12,LAI CHAU,LAI CHAU
LAI CHAU,2003,2,12,LAI CHAU,LAI CHAU
LAI CHAU,2004,0,12,LAI CHAU,LAI CHAU
LAI CHAU,2005,1,12,LAI CHAU,LAI CHAU
LAI CHAU,2006,0,12,LAI CHAU,LAI CHAU
LAI CHAU,2007,0,12,LAI CHAU,LAI CHAU
LAI CHAU,2008,0,12,LAI CHAU,LAI CHAU
LAI CHAU,2009,0,12,LAI CHAU,LAI CHAU
LAI CHAU,2010,0,12,LAI CHAU,LAI CHAU
LAM DONG,1994,118,11,LAM DONG,LAM DONG
LAM DONG,1995,59,12,LAM DONG,LAM DONG
LAM DONG,1996,114,9,LAM DONG,LAM DONG
LAM DONG,1997,347,12,LAM DONG,LAM DONG
LAM DONG,1998,1344,12,LAM DONG,LAM DONG
LAM DONG,1999,218,12,LAM DONG,LAM DONG
LAM DONG,2000,296,12,LAM DONG,LAM DONG
LAM DONG,2001,184,12,LAM DONG,LAM DONG
LAM DONG,2002,191,12,LAM DONG,LAM DONG
LAM DONG,2003,99,12,LAM DONG,LAM DONG
LAM DONG,2004,55,12,LAM DONG,LAM DONG
LAM DONG,2005,50,12,LAM DONG,LAM DONG
LAM DONG,2006,60,12,LAM DONG,LAM DONG
LAM DONG,2007,57,12,LAM DONG,LAM DONG
LAM DONG,2008,195,12,LAM DONG,LAM DONG
LAM DONG,2009,273,12,LAM DONG,LAM DONG
LAM DONG,2010,4409,12,LAM DONG,LAM DONG
LANG SON,1994,6,11,LANG SON,LANG SON
LANG SON,1995,4,12,LANG SON,LANG SON
LANG SON,1996,2,12,LANG SON,LANG SON
LANG SON,1997,6,12,LANG SON,LANG SON
LANG SON,1998,1,12,LANG SON,LANG SON
LANG SON,1999,19,12,LANG SON,LANG SON
LANG SON,2000,13,12,LANG SON,LANG SON
LANG SON,2001,8,12,LANG SON,LANG SON
LANG SON,2002,1,12,LANG SON,LANG SON
LANG SON,2003,0,12,LANG SON,LANG SON
LANG SON,2004,5,12,LANG SON,LANG SON
LANG SON,2005,0,12,LANG SON,LANG SON
LANG SON,2006,0,12,LANG SON,LANG SON
LANG SON,2007,0,12,LANG SON,LANG SON
LANG SON,2008,0,12,LANG SON,LANG SON
LANG SON,2009,0,12,LANG SON,LANG SON
LANG SON,2010,0,12,LANG SON,LANG SON
LAO CAI,1994,1,11,LAO CAI,LAO CAI
LAO CAI,1995,1,12,LAO CAI,LAO CAI
LAO CAI,1996,2,12,LAO CAI,LAO CAI
LAO CAI,1997,1,12,LAO CAI,LAO CAI
LAO CAI,1998,3,12,LAO CAI,LAO CAI
LAO CAI,1999,2,12,LAO CAI,LAO CAI
LAO CAI,2000,0,12,LAO CAI,LAO CAI
LAO CAI,2001,3,12,LAO CAI,LAO CAI
LAO CAI,2002,0,12,LAO CAI,LAO CAI
LAO CAI,2003,0,12,LAO CAI,LAO CAI
LAO CAI,2004,1,12,LAO CAI,LAO CAI
LAO CAI,2005,1,12,LAO CAI,LAO CAI
LAO CAI,2006,0,12,LAO CAI,LAO CAI
LAO CAI,2007,0,12,LAO CAI,LAO CAI
LAO CAI,2008,0,12,LAO CAI,LAO CAI
LAO CAI,2009,0,12,LAO CAI,LAO CAI
LAO CAI,2010,0,12,LAO CAI,LAO CAI
LONG AN,1994,599,11,LONG AN,LONG AN
LONG AN,1995,1784,12,LONG AN,LONG AN
LONG AN,1996,4671,11,LONG AN,LONG AN
LONG AN,1997,2163,12,LONG AN,LONG AN
LONG AN,1998,4228,12,LONG AN,LONG AN
LONG AN,1999,290,12,LONG AN,LONG AN
LONG AN,2000,1640,12,LONG AN,LONG AN
LONG AN,2001,650,12,LONG AN,LONG AN
LONG AN,2002,706,12,LONG AN,LONG AN
LONG AN,2003,1005,12,LONG AN,LONG AN
LONG AN,2004,2123,12,LONG AN,LONG AN
LONG AN,2005,1411,12,LONG AN,LONG AN
LONG AN,2006,2272,12,LONG AN,LONG AN
LONG AN,2007,5967,12,LONG AN,LONG AN
LONG AN,2008,3787,12,LONG AN,LONG AN
LONG AN,2009,5950,12,LONG AN,LONG AN
LONG AN,2010,2879,12,LONG AN,LONG AN
NAM DINH,1994,36,11,NAM DINH,NAM DINH
NAM DINH,1995,298,12,NAM DINH,NAM DINH
NAM DINH,1996,641,12,NAM DINH,NAM DINH
NAM DINH,1997,0,12,NAM DINH,NAM DINH
NAM DINH,1998,781,12,NAM DINH,NAM DINH
NAM DINH,1999,85,12,NAM DINH,NAM DINH
NAM DINH,2000,0,12,NAM DINH,NAM DINH
NAM DINH,2001,1,12,NAM DINH,NAM DINH
NAM DINH,2002,4,12,NAM DINH,NAM DINH
NAM DINH,2003,83,12,NAM DINH,NAM DINH
NAM DINH,2004,136,12,NAM DINH,NAM DINH
NAM DINH,2005,50,12,NAM DINH,NAM DINH
NAM DINH,2006,37,12,NAM DINH,NAM DINH
NAM DINH,2007,19,12,NAM DINH,NAM DINH
NAM DINH,2008,8,12,NAM DINH,NAM DINH
NAM DINH,2009,86,12,NAM DINH,NAM DINH
NAM DINH,2010,265,12,NAM DINH,NAM DINH
NGHE AN,1994,78,11,NGHE AN,NGHE AN
NGHE AN,1995,49,12,NGHE AN,NGHE AN
NGHE AN,1996,198,12,NGHE AN,NGHE AN
NGHE AN,1997,867,12,NGHE AN,NGHE AN
NGHE AN,1998,8073,12,NGHE AN,NGHE AN
NGHE AN,1999,67,12,NGHE AN,NGHE AN
NGHE AN,2000,5,12,NGHE AN,NGHE AN
NGHE AN,2001,787,12,NGHE AN,NGHE AN
NGHE AN,2002,499,12,NGHE AN,NGHE AN
NGHE AN,2003,450,12,NGHE AN,NGHE AN
NGHE AN,2004,454,12,NGHE AN,NGHE AN
NGHE AN,2005,46,12,NGHE AN,NGHE AN
NGHE AN,2006,1410,12,NGHE AN,NGHE AN
NGHE AN,2007,95,12,NGHE AN,NGHE AN
NGHE AN,2008,1345,12,NGHE AN,NGHE AN
NGHE AN,2009,473,12,NGHE AN,NGHE AN
NGHE AN,2010,0,12,NGHE AN,NGHE AN
NINH BINH,1994,4,11,NINH BINH,NINH BINH
NINH BINH,1995,2,12,NINH BINH,NINH BINH
NINH BINH,1996,0,12,NINH BINH,NINH BINH
NINH BINH,1997,0,12,NINH BINH,NINH BINH
NINH BINH,1998,13,12,NINH BINH,NINH BINH
NINH BINH,1999,0,12,NINH BINH,NINH BINH
NINH BINH,2000,1,12,NINH BINH,NINH BINH
NINH BINH,2001,0,12,NINH BINH,NINH BINH
NINH BINH,2002,0,12,NINH BINH,NINH BINH
NINH BINH,2003,7,12,NINH BINH,NINH BINH
NINH BINH,2004,3,12,NINH BINH,NINH BINH
NINH BINH,2005,7,12,NINH BINH,NINH BINH
NINH BINH,2006,0,12,NINH BINH,NINH BINH
NINH BINH,2007,0,12,NINH BINH,NINH BINH
NINH BINH,2008,1,12,NINH BINH,NINH BINH
NINH BINH,2009,2,12,NINH BINH,NINH BINH
NINH BINH,2010,12,12,NINH BINH,NINH BINH
NINH THUAN,1994,797,10,NINH THUAN,NINH THUAN
NINH THUAN,1995,2537,12,NINH THUAN,NINH THUAN
NINH THUAN,1996,4374,12,NINH THUAN,NINH THUAN
NINH THUAN,1997,5364,12,NINH THUAN,NINH THUAN
NINH THUAN,1998,6176,12,NINH THUAN,NINH THUAN
NINH THUAN,1999,1830,12,NINH THUAN,NINH THUAN
NINH THUAN,2000,1108,12,NINH THUAN,NINH THUAN
NINH THUAN,2001,1096,12,NINH THUAN,NINH THUAN
NINH THUAN,2002,231,12,NINH THUAN,NINH THUAN
NINH THUAN,2003,63,12,NINH THUAN,NINH THUAN
NINH THUAN,2004,157,12,NINH THUAN,NINH THUAN
NINH THUAN,2005,310,12,NINH THUAN,NINH THUAN
NINH THUAN,2006,1605,12,NINH THUAN,NINH THUAN
NINH THUAN,2007,498,12,NINH THUAN,NINH THUAN
NINH THUAN,2008,563,12,NINH THUAN,NINH THUAN
NINH THUAN,2009,740,12,NINH THUAN,NINH THUAN
NINH THUAN,2010,1554,12,NINH THUAN,NINH THUAN
PHU THO,1997,10,12,PHU THO,PHU THO
PHU THO,1998,404,12,PHU THO,PHU THO
PHU THO,1999,3,12,PHU THO,PHU THO
PHU THO,2000,196,12,PHU THO,PHU THO
PHU THO,2001,54,12,PHU THO,PHU THO
PHU THO,2002,0,12,PHU THO,PHU THO
PHU THO,2003,0,12,PHU THO,PHU THO
PHU THO,2004,1,12,PHU THO,PHU THO
PHU THO,2005,8,12,PHU THO,PHU THO
PHU THO,2006,0,12,PHU THO,PHU THO
PHU THO,2007,0,12,PHU THO,PHU THO
PHU THO,2008,0,12,PHU THO,PHU THO
PHU THO,2009,0,12,PHU THO,PHU THO
PHU THO,2010,85,12,PHU THO,PHU THO
PHU YEN,1994,586,10,PHU YEN,PHU YEN
PHU YEN,1995,1234,12,PHU YEN,PHU YEN
PHU YEN,1996,1150,12,PHU YEN,PHU YEN
PHU YEN,1997,2969,12,PHU YEN,PHU YEN
PHU YEN,1998,6264,12,PHU YEN,PHU YEN
PHU YEN,1999,801,12,PHU YEN,PHU YEN
PHU YEN,2000,301,12,PHU YEN,PHU YEN
PHU YEN,2001,3238,12,PHU YEN,PHU YEN
PHU YEN,2002,1532,12,PHU YEN,PHU YEN
PHU YEN,2003,723,12,PHU YEN,PHU YEN
PHU YEN,2004,958,12,PHU YEN,PHU YEN
PHU YEN,2005,373,12,PHU YEN,PHU YEN
PHU YEN,2006,535,12,PHU YEN,PHU YEN
PHU YEN,2007,1638,12,PHU YEN,PHU YEN
PHU YEN,2008,1416,12,PHU YEN,PHU YEN
PHU YEN,2009,2736,12,PHU YEN,PHU YEN
PHU YEN,2010,4305,12,PHU YEN,PHU YEN
QUANG BINH,1994,518,10,QUANG BINH,QUANG BINH
QUANG BINH,1995,604,12,QUANG BINH,QUANG BINH
QUANG BINH,1996,1186,12,QUANG BINH,QUANG BINH
QUANG BINH,1997,1544,12,QUANG BINH,QUANG BINH
QUANG BINH,1998,7893,12,QUANG BINH,QUANG BINH
QUANG BINH,1999,1024,12,QUANG BINH,QUANG BINH
QUANG BINH,2000,0,12,QUANG BINH,QUANG BINH
QUANG BINH,2001,1098,12,QUANG BINH,QUANG BINH
QUANG BINH,2002,590,12,QUANG BINH,QUANG BINH
QUANG BINH,2003,523,12,QUANG BINH,QUANG BINH
QUANG BINH,2004,385,12,QUANG BINH,QUANG BINH
QUANG BINH,2005,218,12,QUANG BINH,QUANG BINH
QUANG BINH,2006,0,12,QUANG BINH,QUANG BINH
QUANG BINH,2007,69,12,QUANG BINH,QUANG BINH
QUANG BINH,2008,39,12,QUANG BINH,QUANG BINH
QUANG BINH,2009,85,12,QUANG BINH,QUANG BINH
QUANG BINH,2010,657,12,QUANG BINH,QUANG BINH
QUANG NAM,1994,2043,10,QUANG NAM,QUANG NAM
QUANG NAM,1995,673,12,QUANG NAM,QUANG NAM
QUANG NAM,1996,2374,12,QUANG NAM,QUANG NAM
QUANG NAM,1997,1297,12,QUANG NAM,QUANG NAM
QUANG NAM,1998,3375,12,QUANG NAM,QUANG NAM
QUANG NAM,1999,237,12,QUANG NAM,QUANG NAM
QUANG NAM,2000,59,12,QUANG NAM,QUANG NAM
QUANG NAM,2001,273,12,QUANG NAM,QUANG NAM
QUANG NAM,2002,434,12,QUANG NAM,QUANG NAM
QUANG NAM,2003,1372,12,QUANG NAM,QUANG NAM
QUANG NAM,2004,261,12,QUANG NAM,QUANG NAM
QUANG NAM,2005,38,12,QUANG NAM,QUANG NAM
QUANG NAM,2006,242,12,QUANG NAM,QUANG NAM
QUANG NAM,2007,896,12,QUANG NAM,QUANG NAM
QUANG NAM,2008,387,12,QUANG NAM,QUANG NAM
QUANG NAM,2009,349,12,QUANG NAM,QUANG NAM
QUANG NAM,2010,3078,12,QUANG NAM,QUANG NAM
QUANG NGAI,1994,601,11,QUANG NGAI,QUANG NGAI
QUANG NGAI,1995,1182,12,QUANG NGAI,QUANG NGAI
QUANG NGAI,1996,1830,12,QUANG NGAI,QUANG NGAI
QUANG NGAI,1997,839,12,QUANG NGAI,QUANG NGAI
QUANG NGAI,1998,4245,12,QUANG NGAI,QUANG NGAI
QUANG NGAI,1999,443,12,QUANG NGAI,QUANG NGAI
QUANG NGAI,2000,27,12,QUANG NGAI,QUANG NGAI
QUANG NGAI,2001,93,12,QUANG NGAI,QUANG NGAI
QUANG NGAI,2002,238,12,QUANG NGAI,QUANG NGAI
QUANG NGAI,2003,41,12,QUANG NGAI,QUANG NGAI
QUANG NGAI,2004,452,12,QUANG NGAI,QUANG NGAI
QUANG NGAI,2005,41,12,QUANG NGAI,QUANG NGAI
QUANG NGAI,2006,1468,12,QUANG NGAI,QUANG NGAI
QUANG NGAI,2007,1047,12,QUANG NGAI,QUANG NGAI
QUANG NGAI,2008,657,12,QUANG NGAI,QUANG NGAI
QUANG NGAI,2009,1242,12,QUANG NGAI,QUANG NGAI
QUANG NGAI,2010,5667,12,QUANG NGAI,QUANG NGAI
QUANG NINH,1994,96,11,QUANG NINH,QUANG NINH
QUANG NINH,1995,110,12,QUANG NINH,QUANG NINH
QUANG NINH,1996,152,12,QUANG NINH,QUANG NINH
QUANG NINH,1997,183,12,QUANG NINH,QUANG NINH
QUANG NINH,1998,433,12,QUANG NINH,QUANG NINH
QUANG NINH,1999,1174,12,QUANG NINH,QUANG NINH
QUANG NINH,2000,157,12,QUANG NINH,QUANG NINH
QUANG NINH,2001,383,12,QUANG NINH,QUANG NINH
QUANG NINH,2002,27,12,QUANG NINH,QUANG NINH
QUANG NINH,2003,21,12,QUANG NINH,QUANG NINH
QUANG NINH,2004,24,12,QUANG NINH,QUANG NINH
QUANG NINH,2005,6,12,QUANG NINH,QUANG NINH
QUANG NINH,2006,5,12,QUANG NINH,QUANG NINH
QUANG NINH,2007,0,12,QUANG NINH,QUANG NINH
QUANG NINH,2008,0,12,QUANG NINH,QUANG NINH
QUANG NINH,2009,268,12,QUANG NINH,QUANG NINH
QUANG NINH,2010,144,12,QUANG NINH,QUANG NINH
QUANG TRI,1994,1449,11,QUANG TRI,QUANG TRI
QUANG TRI,1995,991,12,QUANG TRI,QUANG TRI
QUANG TRI,1996,586,12,QUANG TRI,QUANG TRI
QUANG TRI,1997,947,12,QUANG TRI,QUANG TRI
QUANG TRI,1998,14758,12,QUANG TRI,QUANG TRI
QUANG TRI,1999,185,12,QUANG TRI,QUANG TRI
QUANG TRI,2000,77,12,QUANG TRI,QUANG TRI
QUANG TRI,2001,44,12,QUANG TRI,QUANG TRI
QUANG TRI,2002,784,12,QUANG TRI,QUANG TRI
QUANG TRI,2003,734,12,QUANG TRI,QUANG TRI
QUANG TRI,2004,210,12,QUANG TRI,QUANG TRI
QUANG TRI,2005,2,12,QUANG TRI,QUANG TRI
QUANG TRI,2006,75,12,QUANG TRI,QUANG TRI
QUANG TRI,2007,34,12,QUANG TRI,QUANG TRI
QUANG TRI,2008,45,12,QUANG TRI,QUANG TRI
QUANG TRI,2009,74,12,QUANG TRI,QUANG TRI
QUANG TRI,2010,268,12,QUANG TRI,QUANG TRI
SOC TRANG,1994,1492,9,SOC TRANG,SOC TRANG
SOC TRANG,1995,1625,12,SOC TRANG,SOC TRANG
SOC TRANG,1996,1212,12,SOC TRANG,SOC TRANG
SOC TRANG,1997,3191,12,SOC TRANG,SOC TRANG
SOC TRANG,1998,7346,12,SOC TRANG,SOC TRANG
SOC TRANG,1999,1035,12,SOC TRANG,SOC TRANG
SOC TRANG,2000,307,12,SOC TRANG,SOC TRANG
SOC TRANG,2001,268,12,SOC TRANG,SOC TRANG
SOC TRANG,2002,1211,12,SOC TRANG,SOC TRANG
SOC TRANG,2003,1144,12,SOC TRANG,SOC TRANG
SOC TRANG,2004,5824,12,SOC TRANG,SOC TRANG
SOC TRANG,2005,3943,12,SOC TRANG,SOC TRANG
SOC TRANG,2006,4390,12,SOC TRANG,SOC TRANG
SOC TRANG,2007,5249,12,SOC TRANG,SOC TRANG
SOC TRANG,2008,4640,12,SOC TRANG,SOC TRANG
SOC TRANG,2009,4622,12,SOC TRANG,SOC TRANG
SOC TRANG,2010,5395,12,SOC TRANG,SOC TRANG
SON LA,1994,0,11,SON LA,SON LA
SON LA,1995,0,12,SON LA,SON LA
SON LA,1996,2,12,SON LA,SON LA
SON LA,1997,0,12,SON LA,SON LA
SON LA,1998,1,12,SON LA,SON LA
SON LA,1999,0,12,SON LA,SON LA
SON LA,2000,0,12,SON LA,SON LA
SON LA,2001,20,12,SON LA,SON LA
SON LA,2002,0,12,SON LA,SON LA
SON LA,2003,0,12,SON LA,SON LA
SON LA,2004,1,12,SON LA,SON LA
SON LA,2005,4,12,SON LA,SON LA
SON LA,2006,0,12,SON LA,SON LA
SON LA,2007,0,12,SON LA,SON LA
SON LA,2008,0,12,SON LA,SON LA
SON LA,2009,11,12,SON LA,SON LA
SON LA,2010,1,12,SON LA,SON LA
TAY NINH,1994,396,11,TAY NINH,TAY NINH
TAY NINH,1995,1406,12,TAY NINH,TAY NINH
TAY NINH,1996,3397,12,TAY NINH,TAY NINH
TAY NINH,1997,1154,12,TAY NINH,TAY NINH
TAY NINH,1998,4656,12,TAY NINH,TAY NINH
TAY NINH,1999,406,12,TAY NINH,TAY NINH
TAY NINH,2000,615,12,TAY NINH,TAY NINH
TAY NINH,2001,681,12,TAY NINH,TAY NINH
TAY NINH,2002,371,12,TAY NINH,TAY NINH
TAY NINH,2003,572,12,TAY NINH,TAY NINH
TAY NINH,2004,3762,12,TAY NINH,TAY NINH
TAY NINH,2005,727,12,TAY NINH,TAY NINH
TAY NINH,2006,494,12,TAY NINH,TAY NINH
TAY NINH,2007,752,12,TAY NINH,TAY NINH
TAY NINH,2008,1160,12,TAY NINH,TAY NINH
TAY NINH,2009,817,12,TAY NINH,TAY NINH
TAY NINH,2010,995,12,TAY NINH,TAY NINH
THAI BINH,1994,410,11,THAI BINH,THAI BINH
THAI BINH,1995,1,12,THAI BINH,THAI BINH
THAI BINH,1996,458,12,THAI BINH,THAI BINH
THAI BINH,1997,0,12,THAI BINH,THAI BINH
THAI BINH,1998,116,12,THAI BINH,THAI BINH
THAI BINH,1999,0,12,THAI BINH,THAI BINH
THAI BINH,2000,0,12,THAI BINH,THAI BINH
THAI BINH,2001,4,12,THAI BINH,THAI BINH
THAI BINH,2002,8,12,THAI BINH,THAI BINH
THAI BINH,2003,4,12,THAI BINH,THAI BINH
THAI BINH,2004,61,12,THAI BINH,THAI BINH
THAI BINH,2005,0,12,THAI BINH,THAI BINH
THAI BINH,2006,15,12,THAI BINH,THAI BINH
THAI BINH,2007,31,12,THAI BINH,THAI BINH
THAI BINH,2008,8,12,THAI BINH,THAI BINH
THAI BINH,2009,136,12,THAI BINH,THAI BINH
THAI BINH,2010,84,12,THAI BINH,THAI BINH
THAI NGUYEN,1994,1,10,THAI NGUYEN,THAI NGUYEN
THAI NGUYEN,1995,4,12,THAI NGUYEN,THAI NGUYEN
THAI NGUYEN,1996,1,12,THAI NGUYEN,THAI NGUYEN
THAI NGUYEN,1997,0,12,THAI NGUYEN,THAI NGUYEN
THAI NGUYEN,1998,4,12,THAI NGUYEN,THAI NGUYEN
THAI NGUYEN,1999,39,12,THAI NGUYEN,THAI NGUYEN
THAI NGUYEN,2000,12,12,THAI NGUYEN,THAI NGUYEN
THAI NGUYEN,2001,19,12,THAI NGUYEN,THAI NGUYEN
THAI NGUYEN,2002,1,12,THAI NGUYEN,THAI NGUYEN
THAI NGUYEN,2003,3,12,THAI NGUYEN,THAI NGUYEN
THAI NGUYEN,2004,2,12,THAI NGUYEN,THAI NGUYEN
THAI NGUYEN,2005,0,12,THAI NGUYEN,THAI NGUYEN
THAI NGUYEN,2006,1,12,THAI NGUYEN,THAI NGUYEN
THAI NGUYEN,2007,0,12,THAI NGUYEN,THAI NGUYEN
THAI NGUYEN,2008,0,12,THAI NGUYEN,THAI NGUYEN
THAI NGUYEN,2009,0,12,THAI NGUYEN,THAI NGUYEN
THAI NGUYEN,2010,8,12,THAI NGUYEN,THAI NGUYEN
THANH HOA,1994,197,11,THANH HOA,THANH HOA
THANH HOA,1995,727,12,THANH HOA,THANH HOA
THANH HOA,1996,496,12,THANH HOA,THANH HOA
THANH HOA,1997,230,12,THANH HOA,THANH HOA
THANH HOA,1998,2919,12,THANH HOA,THANH HOA
THANH HOA,1999,104,12,THANH HOA,THANH HOA
THANH HOA,2000,19,12,THANH HOA,THANH HOA
THANH HOA,2001,78,12,THANH HOA,THANH HOA
THANH HOA,2002,42,12,THANH HOA,THANH HOA
THANH HOA,2003,126,12,THANH HOA,THANH HOA
THANH HOA,2004,72,12,THANH HOA,THANH HOA
THANH HOA,2005,373,12,THANH HOA,THANH HOA
THANH HOA,2006,160,12,THANH HOA,THANH HOA
THANH HOA,2007,150,12,THANH HOA,THANH HOA
THANH HOA,2008,94,12,THANH HOA,THANH HOA
THANH HOA,2009,258,12,THANH HOA,THANH HOA
THANH HOA,2010,0,12,THANH HOA,THANH HOA
THUA THIEN - HUE,1994,484,11,THUA THIEN - HUE,THUA THIEN - HUE
THUA THIEN - HUE,1995,536,12,THUA THIEN - HUE,THUA THIEN - HUE
THUA THIEN - HUE,1996,1013,12,THUA THIEN - HUE,THUA THIEN - HUE
THUA THIEN - HUE,1997,424,12,THUA THIEN - HUE,THUA THIEN - HUE
THUA THIEN - HUE,1998,2102,12,THUA THIEN - HUE,THUA THIEN - HUE
THUA THIEN - HUE,1999,109,12,THUA THIEN - HUE,THUA THIEN - HUE
THUA THIEN - HUE,2000,83,12,THUA THIEN - HUE,THUA THIEN - HUE
THUA THIEN - HUE,2001,416,12,THUA THIEN - HUE,THUA THIEN - HUE
THUA THIEN - HUE,2002,238,12,THUA THIEN - HUE,THUA THIEN - HUE
THUA THIEN - HUE,2003,568,12,THUA THIEN - HUE,THUA THIEN - HUE
THUA THIEN - HUE,2004,76,12,THUA THIEN - HUE,THUA THIEN - HUE
THUA THIEN - HUE,2005,41,12,THUA THIEN - HUE,THUA THIEN - HUE
THUA THIEN - HUE,2006,116,12,THUA THIEN - HUE,THUA THIEN - HUE
THUA THIEN - HUE,2007,114,12,THUA THIEN - HUE,THUA THIEN - HUE
THUA THIEN - HUE,2008,32,12,THUA THIEN - HUE,THUA THIEN - HUE
THUA THIEN - HUE,2009,138,12,THUA THIEN - HUE,THUA THIEN - HUE
THUA THIEN - HUE,2010,2795,12,THUA THIEN - HUE,THUA THIEN - HUE
TIEN GIANG,1994,571,11,TIEN GIANG,TIEN GIANG
TIEN GIANG,1995,1638,12,TIEN GIANG,TIEN GIANG
TIEN GIANG,1996,9085,12,TIEN GIANG,TIEN GIANG
TIEN GIANG,1997,2112,12,TIEN GIANG,TIEN GIANG
TIEN GIANG,1998,6908,12,TIEN GIANG,TIEN GIANG
TIEN GIANG,1999,1295,12,TIEN GIANG,TIEN GIANG
TIEN GIANG,2000,2718,12,TIEN GIANG,TIEN GIANG
TIEN GIANG,2001,4325,12,TIEN GIANG,TIEN GIANG
TIEN GIANG,2002,2109,12,TIEN GIANG,TIEN GIANG
TIEN GIANG,2003,7669,12,TIEN GIANG,TIEN GIANG
TIEN GIANG,2004,6098,12,TIEN GIANG,TIEN GIANG
TIEN GIANG,2005,4012,12,TIEN GIANG,TIEN GIANG
TIEN GIANG,2006,4203,12,TIEN GIANG,TIEN GIANG
TIEN GIANG,2007,13408,12,TIEN GIANG,TIEN GIANG
TIEN GIANG,2008,6239,12,TIEN GIANG,TIEN GIANG
TIEN GIANG,2009,6262,12,TIEN GIANG,TIEN GIANG
TIEN GIANG,2010,4721,12,TIEN GIANG,TIEN GIANG
TRA VINH,1994,1532,11,TRA VINH,TRA VINH
TRA VINH,1995,700,12,TRA VINH,TRA VINH
TRA VINH,1996,1836,12,TRA VINH,TRA VINH
TRA VINH,1997,9505,12,TRA VINH,TRA VINH
TRA VINH,1998,4755,12,TRA VINH,TRA VINH
TRA VINH,1999,1987,12,TRA VINH,TRA VINH
TRA VINH,2000,579,12,TRA VINH,TRA VINH
TRA VINH,2001,205,12,TRA VINH,TRA VINH
TRA VINH,2002,111,12,TRA VINH,TRA VINH
TRA VINH,2003,374,12,TRA VINH,TRA VINH
TRA VINH,2004,2363,12,TRA VINH,TRA VINH
TRA VINH,2005,2238,12,TRA VINH,TRA VINH
TRA VINH,2006,1352,12,TRA VINH,TRA VINH
TRA VINH,2007,1274,12,TRA VINH,TRA VINH
TRA VINH,2008,997,12,TRA VINH,TRA VINH
TRA VINH,2009,2730,12,TRA VINH,TRA VINH
TRA VINH,2010,1961,12,TRA VINH,TRA VINH
TUYEN QUANG,1994,0,11,TUYEN QUANG,TUYEN QUANG
TUYEN QUANG,1995,8,12,TUYEN QUANG,TUYEN QUANG
TUYEN QUANG,1996,8,12,TUYEN QUANG,TUYEN QUANG
TUYEN QUANG,1997,0,12,TUYEN QUANG,TUYEN QUANG
TUYEN QUANG,1998,0,12,TUYEN QUANG,TUYEN QUANG
TUYEN QUANG,1999,0,12,TUYEN QUANG,TUYEN QUANG
TUYEN QUANG,2000,0,12,TUYEN QUANG,TUYEN QUANG
TUYEN QUANG,2001,0,12,TUYEN QUANG,TUYEN QUANG
TUYEN QUANG,2002,0,12,TUYEN QUANG,TUYEN QUANG
TUYEN QUANG,2003,0,12,TUYEN QUANG,TUYEN QUANG
TUYEN QUANG,2004,0,12,TUYEN QUANG,TUYEN QUANG
TUYEN QUANG,2005,0,12,TUYEN QUANG,TUYEN QUANG
TUYEN QUANG,2006,0,12,TUYEN QUANG,TUYEN QUANG
TUYEN QUANG,2007,0,12,TUYEN QUANG,TUYEN QUANG
TUYEN QUANG,2008,0,12,TUYEN QUANG,TUYEN QUANG
TUYEN QUANG,2009,0,12,TUYEN QUANG,TUYEN QUANG
TUYEN QUANG,2010,0,12,TUYEN QUANG,TUYEN QUANG
VINH LONG,1994,1631,9,VINH LONG,VINH LONG
VINH LONG,1995,1478,12,VINH LONG,VINH LONG
VINH LONG,1996,2758,12,VINH LONG,VINH LONG
VINH LONG,1997,2373,12,VINH LONG,VINH LONG
VINH LONG,1998,2627,12,VINH LONG,VINH LONG
VINH LONG,1999,1268,12,VINH LONG,VINH LONG
VINH LONG,2000,415,12,VINH LONG,VINH LONG
VINH LONG,2001,361,12,VINH LONG,VINH LONG
VINH LONG,2002,549,12,VINH LONG,VINH LONG
VINH LONG,2003,1310,12,VINH LONG,VINH LONG
VINH LONG,2004,1080,12,VINH LONG,VINH LONG
VINH LONG,2005,1194,12,VINH LONG,VINH LONG
VINH LONG,2006,984,12,VINH LONG,VINH LONG
VINH LONG,2007,2672,12,VINH LONG,VINH LONG
VINH LONG,2008,1301,12,VINH LONG,VINH LONG
VINH LONG,2009,1863,12,VINH LONG,VINH LONG
VINH LONG,2010,452,12,VINH LONG,VINH LONG
VINH PHUC,1994,86,10,VINH PHUC,VINH PHUC
VINH PHUC,1995,20,12,VINH PHUC,VINH PHUC
VINH PHUC,1996,4,12,VINH PHUC,VINH PHUC
VINH PHUC,1997,13,12,VINH PHUC,VINH PHUC
VINH PHUC,1998,235,12,VINH PHUC,VINH PHUC
VINH PHUC,1999,0,12,VINH PHUC,VINH PHUC
VINH PHUC,2000,12,12,VINH PHUC,VINH PHUC
VINH PHUC,2001,9,12,VINH PHUC,VINH PHUC
VINH PHUC,2002,0,12,VINH PHUC,VINH PHUC
VINH PHUC,2003,47,12,VINH PHUC,VINH PHUC
VINH PHUC,2004,22,12,VINH PHUC,VINH PHUC
VINH PHUC,2005,19,12,VINH PHUC,VINH PHUC
VINH PHUC,2006,22,12,VINH PHUC,VINH PHUC
VINH PHUC,2007,18,12,VINH PHUC,VINH PHUC
VINH PHUC,2008,8,12,VINH PHUC,VINH PHUC
VINH PHUC,2009,55,12,VINH PHUC,VINH PHUC
VINH PHUC,2010,0,12,VINH PHUC,VINH PHUC
YEN BAI,1994,0,10,YEN BAI,YEN BAI
YEN BAI,1995,0,12,YEN BAI,YEN BAI
YEN BAI,1996,0,12,YEN BAI,YEN BAI
YEN BAI,1997,0,11,YEN BAI,YEN BAI
YEN BAI,1998,1,12,YEN BAI,YEN BAI
YEN BAI,1999,0,12,YEN BAI,YEN BAI
YEN BAI,2000,0,12,YEN BAI,YEN BAI
YEN BAI,2001,0,12,YEN BAI,YEN BAI
YEN BAI,2002,0,12,YEN BAI,YEN BAI
YEN BAI,2003,0,12,YEN BAI,YEN BAI
YEN BAI,2004,0,12,YEN BAI,YEN BAI
YEN BAI,2005,0,12,YEN BAI,YEN BAI
YEN BAI,2006,1,12,YEN BAI,YEN BAI
YEN BAI,2007,1,12,YEN BAI,YEN BAI
YEN BAI,2008,0,12,YEN BAI,YEN BAI
YEN BAI,2009,0,12,YEN BAI,YEN BAI
YEN BAI,2010,0,12,YEN BAI,YEN BAI
